id,file,line,section,severity,source_phase,runtime_status,owning_pack,missing_evidence,message
solo_deadline_countdown_renders_in_user_timezone,Sourcera_Master_Spec.md,66853,M.5.4 Catalog index {#m-5-4-catalog-index},blocker,14.4 (v7.1.1 D-V711-009 amendment),spec_binding_pending_pack_m11_3,m11_3,".github/workflows/deploy-validator.yml, .github/workflows/test-strategy.yml, convex/deploy_validators, tests/integration.","Runtime status is still spec_binding_pending_pack_m11_3; required artifact evidence not promoted. Checked: .github/workflows/deploy-validator.yml, .github/workflows/test-strategy.yml, convex/deploy_validators, tests/integration."
solo_mode_team_to_solo_blocked_with_stakeholders,Sourcera_Master_Spec.md,66854,M.5.4 Catalog index {#m-5-4-catalog-index},blocker,14.4,spec_binding_pending_pack_m11_3,m11_3,".github/workflows/deploy-validator.yml, .github/workflows/test-strategy.yml, convex/deploy_validators, tests/integration.","Runtime status is still spec_binding_pending_pack_m11_3; required artifact evidence not promoted. Checked: .github/workflows/deploy-validator.yml, .github/workflows/test-strategy.yml, convex/deploy_validators, tests/integration."
solo_mode_chip_ribbon_suppression_buyer,Sourcera_Master_Spec.md,66855,M.5.4 Catalog index {#m-5-4-catalog-index},blocker,14.4,spec_binding_pending_pack_m11_3,m11_3,".github/workflows/deploy-validator.yml, .github/workflows/test-strategy.yml, convex/deploy_validators, tests/integration.","Runtime status is still spec_binding_pending_pack_m11_3; required artifact evidence not promoted. Checked: .github/workflows/deploy-validator.yml, .github/workflows/test-strategy.yml, convex/deploy_validators, tests/integration."
console_bridge_no_defense_view_event_kinds,Sourcera_Master_Spec.md,66857,M.5.4 Catalog index {#m-5-4-catalog-index},blocker,14.5 [V11],spec_binding_pending_pack_m11_3,m11_3,".github/workflows/deploy-validator.yml, .github/workflows/test-strategy.yml, convex/deploy_validators, tests/integration.","Runtime status is still spec_binding_pending_pack_m11_3; required artifact evidence not promoted. Checked: .github/workflows/deploy-validator.yml, .github/workflows/test-strategy.yml, convex/deploy_validators, tests/integration."
webhook_payload_no_selection_record_body,Sourcera_Master_Spec.md,66858,M.5.4 Catalog index {#m-5-4-catalog-index},blocker,14.5,spec_binding_pending_pack_m11_3,m11_3,".github/workflows/deploy-validator.yml, .github/workflows/test-strategy.yml, convex/deploy_validators, tests/integration.","Runtime status is still spec_binding_pending_pack_m11_3; required artifact evidence not promoted. Checked: .github/workflows/deploy-validator.yml, .github/workflows/test-strategy.yml, convex/deploy_validators, tests/integration."
defense_view_regeneration_throttle_5min,Sourcera_Master_Spec.md,66860,M.5.4 Catalog index {#m-5-4-catalog-index},blocker,14.5,spec_binding_pending_pack_m11_3,m11_3,".github/workflows/deploy-validator.yml, .github/workflows/test-strategy.yml, convex/deploy_validators, tests/integration.","Runtime status is still spec_binding_pending_pack_m11_3; required artifact evidence not promoted. Checked: .github/workflows/deploy-validator.yml, .github/workflows/test-strategy.yml, convex/deploy_validators, tests/integration."
pipeline_surface_compression_seller_always_compressed,Sourcera_Master_Spec.md,66866,M.5.4 Catalog index {#m-5-4-catalog-index},blocker,14.6,spec_binding_pending_pack_m11_3,m11_3,".github/workflows/deploy-validator.yml, .github/workflows/test-strategy.yml, convex/deploy_validators, tests/integration.","Runtime status is still spec_binding_pending_pack_m11_3; required artifact evidence not promoted. Checked: .github/workflows/deploy-validator.yml, .github/workflows/test-strategy.yml, convex/deploy_validators, tests/integration."
pipeline_surface_compression_soft_gate_solo_only,Sourcera_Master_Spec.md,66867,M.5.4 Catalog index {#m-5-4-catalog-index},blocker,14.6,spec_binding_pending_pack_m11_3,m11_3,".github/workflows/deploy-validator.yml, .github/workflows/test-strategy.yml, convex/deploy_validators, tests/integration.","Runtime status is still spec_binding_pending_pack_m11_3; required artifact evidence not promoted. Checked: .github/workflows/deploy-validator.yml, .github/workflows/test-strategy.yml, convex/deploy_validators, tests/integration."
seller_maya_solo_free_copy_string_lint,Sourcera_Master_Spec.md,66876,M.5.4 Catalog index {#m-5-4-catalog-index},blocker,14.8 [V11],spec_binding_pending_pack_m11_3,m11_3,".github/workflows/deploy-validator.yml, .github/workflows/test-strategy.yml, convex/deploy_validators, tests/integration.","Runtime status is still spec_binding_pending_pack_m11_3; required artifact evidence not promoted. Checked: .github/workflows/deploy-validator.yml, .github/workflows/test-strategy.yml, convex/deploy_validators, tests/integration."
seller_maya_chip_list_auto_publish_state_machine,Sourcera_Master_Spec.md,66877,M.5.4 Catalog index {#m-5-4-catalog-index},blocker,14.8 [V11],spec_binding_pending_pack_m11_3,m11_3,".github/workflows/deploy-validator.yml, .github/workflows/test-strategy.yml, convex/deploy_validators, tests/integration.","Runtime status is still spec_binding_pending_pack_m11_3; required artifact evidence not promoted. Checked: .github/workflows/deploy-validator.yml, .github/workflows/test-strategy.yml, convex/deploy_validators, tests/integration."
seller_maya_match_score_three_label_compression,Sourcera_Master_Spec.md,66878,M.5.4 Catalog index {#m-5-4-catalog-index},blocker,14.8 [V11],spec_binding_pending_pack_m11_3,m11_3,".github/workflows/deploy-validator.yml, .github/workflows/test-strategy.yml, convex/deploy_validators, tests/integration.","Runtime status is still spec_binding_pending_pack_m11_3; required artifact evidence not promoted. Checked: .github/workflows/deploy-validator.yml, .github/workflows/test-strategy.yml, convex/deploy_validators, tests/integration."
solo_charge_kind_registered,Sourcera_Master_Spec.md,66881,M.5.4 Catalog index {#m-5-4-catalog-index},blocker,14.9,spec_binding_pending_pack_m24_3,m24_3,".github/workflows/billing-runtime.yml, tests/billing, convex/deploy_validators.","Runtime status is still spec_binding_pending_pack_m24_3; required artifact evidence not promoted. Checked: .github/workflows/billing-runtime.yml, tests/billing, convex/deploy_validators."
solo_dual_console_independent_invoicing,Sourcera_Master_Spec.md,66882,M.5.4 Catalog index {#m-5-4-catalog-index},blocker,14.9,spec_binding_pending_pack_m11_3,m11_3,".github/workflows/deploy-validator.yml, .github/workflows/test-strategy.yml, convex/deploy_validators, tests/integration.","Runtime status is still spec_binding_pending_pack_m11_3; required artifact evidence not promoted. Checked: .github/workflows/deploy-validator.yml, .github/workflows/test-strategy.yml, convex/deploy_validators, tests/integration."
solo_plan_change_console_isolation,Sourcera_Master_Spec.md,66883,M.5.4 Catalog index {#m-5-4-catalog-index},blocker,14.9,spec_binding_pending_pack_m11_3,m11_3,".github/workflows/deploy-validator.yml, .github/workflows/test-strategy.yml, convex/deploy_validators, tests/integration.","Runtime status is still spec_binding_pending_pack_m11_3; required artifact evidence not promoted. Checked: .github/workflows/deploy-validator.yml, .github/workflows/test-strategy.yml, convex/deploy_validators, tests/integration."
aiwallet_response_excludes_solo_envelope,Sourcera_Master_Spec.md,66884,M.5.4 Catalog index {#m-5-4-catalog-index},blocker,14.9,spec_binding_pending_pack_m11_3,m11_3,".github/workflows/deploy-validator.yml, .github/workflows/test-strategy.yml, convex/deploy_validators, tests/integration.","Runtime status is still spec_binding_pending_pack_m11_3; required artifact evidence not promoted. Checked: .github/workflows/deploy-validator.yml, .github/workflows/test-strategy.yml, convex/deploy_validators, tests/integration."
solo_subscription_blocks_per_charge,Sourcera_Master_Spec.md,66885,M.5.4 Catalog index {#m-5-4-catalog-index},blocker,14.9,spec_binding_pending_pack_m11_3,m11_3,".github/workflows/deploy-validator.yml, .github/workflows/test-strategy.yml, convex/deploy_validators, tests/integration.","Runtime status is still spec_binding_pending_pack_m11_3; required artifact evidence not promoted. Checked: .github/workflows/deploy-validator.yml, .github/workflows/test-strategy.yml, convex/deploy_validators, tests/integration."
solo_engine_metering_parity,Sourcera_Master_Spec.md,66888,M.5.4 Catalog index {#m-5-4-catalog-index},blocker,14.10 [V11],spec_binding_pending_pack_m11_3,m11_3,".github/workflows/deploy-validator.yml, .github/workflows/test-strategy.yml, convex/deploy_validators, tests/integration.","Runtime status is still spec_binding_pending_pack_m11_3; required artifact evidence not promoted. Checked: .github/workflows/deploy-validator.yml, .github/workflows/test-strategy.yml, convex/deploy_validators, tests/integration."
solo_telemetry_no_customer_routing,Sourcera_Master_Spec.md,66889,M.5.4 Catalog index {#m-5-4-catalog-index},blocker,14.10 [V11],spec_binding_pending_pack_m11_3,m11_3,".github/workflows/deploy-validator.yml, .github/workflows/test-strategy.yml, convex/deploy_validators, tests/integration.","Runtime status is still spec_binding_pending_pack_m11_3; required artifact evidence not promoted. Checked: .github/workflows/deploy-validator.yml, .github/workflows/test-strategy.yml, convex/deploy_validators, tests/integration."
solo_throttling_class_change_takes_effect_at_next_envelope_rollover,Sourcera_Master_Spec.md,66892,M.5.4 Catalog index {#m-5-4-catalog-index},blocker,14.10,spec_binding_pending_pack_m11_3,m11_3,".github/workflows/deploy-validator.yml, .github/workflows/test-strategy.yml, convex/deploy_validators, tests/integration.","Runtime status is still spec_binding_pending_pack_m11_3; required artifact evidence not promoted. Checked: .github/workflows/deploy-validator.yml, .github/workflows/test-strategy.yml, convex/deploy_validators, tests/integration."
solo_envelope_per_console_isolation,Sourcera_Master_Spec.md,66893,M.5.4 Catalog index {#m-5-4-catalog-index},blocker,14.10,spec_binding_pending_pack_m11_3,m11_3,".github/workflows/deploy-validator.yml, .github/workflows/test-strategy.yml, convex/deploy_validators, tests/integration.","Runtime status is still spec_binding_pending_pack_m11_3; required artifact evidence not promoted. Checked: .github/workflows/deploy-validator.yml, .github/workflows/test-strategy.yml, convex/deploy_validators, tests/integration."
solo_envelope_throttling_targets_low_priority_background_only,Sourcera_Master_Spec.md,66895,M.5.4 Catalog index {#m-5-4-catalog-index},blocker,14.10,spec_binding_pending_pack_m11_3,m11_3,".github/workflows/deploy-validator.yml, .github/workflows/test-strategy.yml, convex/deploy_validators, tests/integration.","Runtime status is still spec_binding_pending_pack_m11_3; required artifact evidence not promoted. Checked: .github/workflows/deploy-validator.yml, .github/workflows/test-strategy.yml, convex/deploy_validators, tests/integration."
console_isolation_violation_no_data_path_use,Sourcera_Master_Spec.md,66906,M.5.4 Catalog index {#m-5-4-catalog-index},blocker,V8.4,spec_binding_pending_pack_m11_3,m11_3,".github/workflows/deploy-validator.yml, .github/workflows/test-strategy.yml, convex/deploy_validators, tests/integration.","Runtime status is still spec_binding_pending_pack_m11_3; required artifact evidence not promoted. Checked: .github/workflows/deploy-validator.yml, .github/workflows/test-strategy.yml, convex/deploy_validators, tests/integration."
vendor_opt_out_capability_layer_enforcement,Sourcera_Master_Spec.md,66907,M.5.4 Catalog index {#m-5-4-catalog-index},blocker,V8.4,spec_binding_pending_pack_m11_3,m11_3,".github/workflows/deploy-validator.yml, .github/workflows/test-strategy.yml, convex/deploy_validators, tests/integration.","Runtime status is still spec_binding_pending_pack_m11_3; required artifact evidence not promoted. Checked: .github/workflows/deploy-validator.yml, .github/workflows/test-strategy.yml, convex/deploy_validators, tests/integration."
audit_event_hash_chain_full_corpus_coverage,Sourcera_Master_Spec.md,66943,M.5.4 Catalog index {#m-5-4-catalog-index},blocker,3V,spec_binding_pending_pack_m21_3,m21_3,".github/workflows/marketplace-runtime.yml, convex/deploy_validators, tests/marketplace, tests/analytics.","Runtime status is still spec_binding_pending_pack_m21_3; required artifact evidence not promoted. Checked: .github/workflows/marketplace-runtime.yml, convex/deploy_validators, tests/marketplace, tests/analytics."
audit_event_break_glass_integrity_scan_triggered,Sourcera_Master_Spec.md,66944,M.5.4 Catalog index {#m-5-4-catalog-index},blocker,3V,spec_binding_pending_pack_m21_3,m21_3,".github/workflows/marketplace-runtime.yml, convex/deploy_validators, tests/marketplace, tests/analytics.","Runtime status is still spec_binding_pending_pack_m21_3; required artifact evidence not promoted. Checked: .github/workflows/marketplace-runtime.yml, convex/deploy_validators, tests/marketplace, tests/analytics."
auth_audit_event_emission_completeness,Sourcera_Master_Spec.md,66945,M.5.4 Catalog index {#m-5-4-catalog-index},blocker,3V,spec_binding_pending_pack_m11_3,m11_3,".github/workflows/deploy-validator.yml, .github/workflows/test-strategy.yml, convex/deploy_validators, tests/integration.","Runtime status is still spec_binding_pending_pack_m11_3; required artifact evidence not promoted. Checked: .github/workflows/deploy-validator.yml, .github/workflows/test-strategy.yml, convex/deploy_validators, tests/integration."
dsar_cascade_residency_partition_isolation,Sourcera_Master_Spec.md,66946,M.5.4 Catalog index {#m-5-4-catalog-index},blocker,3V,spec_binding_pending_pack_m02_3,m02_3,tools/spec-lint/gates/dsar_cascade_residency_partition_isolation.ts.,Runtime status is still spec_binding_pending_pack_m02_3; required artifact evidence not promoted. Checked: tools/spec-lint/gates/dsar_cascade_residency_partition_isolation.ts.
dsar_manifestly_unfounded_rejection_audit_emission,Sourcera_Master_Spec.md,66953,M.5.4 Catalog index {#m-5-4-catalog-index},blocker,3V,spec_binding_pending_pack_m11_3,m11_3,".github/workflows/deploy-validator.yml, .github/workflows/test-strategy.yml, convex/deploy_validators, tests/integration.","Runtime status is still spec_binding_pending_pack_m11_3; required artifact evidence not promoted. Checked: .github/workflows/deploy-validator.yml, .github/workflows/test-strategy.yml, convex/deploy_validators, tests/integration."
cross_org_guest_sso_bypass_blocked,Sourcera_Master_Spec.md,66954,M.5.4 Catalog index {#m-5-4-catalog-index},blocker,3V,spec_binding_pending_pack_m11_3,m11_3,".github/workflows/deploy-validator.yml, .github/workflows/test-strategy.yml, convex/deploy_validators, tests/integration.","Runtime status is still spec_binding_pending_pack_m11_3; required artifact evidence not promoted. Checked: .github/workflows/deploy-validator.yml, .github/workflows/test-strategy.yml, convex/deploy_validators, tests/integration."
workos_raw_attributes_not_consumed,Sourcera_Master_Spec.md,66963,M.5.4 Catalog index {#m-5-4-catalog-index},blocker,3V+ (WorkOS integration),spec_binding_pending_pack_m02_3,m02_3,tools/spec-lint/gates/workos_raw_attributes_not_consumed.ts.,Runtime status is still spec_binding_pending_pack_m02_3; required artifact evidence not promoted. Checked: tools/spec-lint/gates/workos_raw_attributes_not_consumed.ts.
workos_predefined_attributes_consumed,Sourcera_Master_Spec.md,66964,M.5.4 Catalog index {#m-5-4-catalog-index},blocker,3V+,spec_binding_pending_pack_m11_3,m11_3,".github/workflows/deploy-validator.yml, .github/workflows/test-strategy.yml, convex/deploy_validators, tests/integration.","Runtime status is still spec_binding_pending_pack_m11_3; required artifact evidence not promoted. Checked: .github/workflows/deploy-validator.yml, .github/workflows/test-strategy.yml, convex/deploy_validators, tests/integration."
workos_groups_api_membership_consistency,Sourcera_Master_Spec.md,66965,M.5.4 Catalog index {#m-5-4-catalog-index},blocker,3V+,spec_binding_pending_pack_m11_3,m11_3,".github/workflows/deploy-validator.yml, .github/workflows/test-strategy.yml, convex/deploy_validators, tests/integration.","Runtime status is still spec_binding_pending_pack_m11_3; required artifact evidence not promoted. Checked: .github/workflows/deploy-validator.yml, .github/workflows/test-strategy.yml, convex/deploy_validators, tests/integration."
workos_directory_group_role_assignment_precedence,Sourcera_Master_Spec.md,66966,M.5.4 Catalog index {#m-5-4-catalog-index},blocker,3V+,spec_binding_pending_pack_m11_3,m11_3,".github/workflows/deploy-validator.yml, .github/workflows/test-strategy.yml, convex/deploy_validators, tests/integration.","Runtime status is still spec_binding_pending_pack_m11_3; required artifact evidence not promoted. Checked: .github/workflows/deploy-validator.yml, .github/workflows/test-strategy.yml, convex/deploy_validators, tests/integration."
dsar_cascade_aggregate_recompute_synchronous,Sourcera_Master_Spec.md,66973,M.5.4 Catalog index {#m-5-4-catalog-index},blocker,V9,spec_binding_pending_pack_m11_3,m11_3,".github/workflows/deploy-validator.yml, .github/workflows/test-strategy.yml, convex/deploy_validators, tests/integration.","Runtime status is still spec_binding_pending_pack_m11_3; required artifact evidence not promoted. Checked: .github/workflows/deploy-validator.yml, .github/workflows/test-strategy.yml, convex/deploy_validators, tests/integration."
dsar_cascade_aggregate_recompute_suppression_completeness,Sourcera_Master_Spec.md,66974,M.5.4 Catalog index {#m-5-4-catalog-index},blocker,V9,spec_binding_pending_pack_m11_3,m11_3,".github/workflows/deploy-validator.yml, .github/workflows/test-strategy.yml, convex/deploy_validators, tests/integration.","Runtime status is still spec_binding_pending_pack_m11_3; required artifact evidence not promoted. Checked: .github/workflows/deploy-validator.yml, .github/workflows/test-strategy.yml, convex/deploy_validators, tests/integration."
dsar_cascade_aggregate_recompute_backstop_drift,Sourcera_Master_Spec.md,66975,M.5.4 Catalog index {#m-5-4-catalog-index},blocker,V9,spec_binding_pending_pack_m21_3,m21_3,".github/workflows/marketplace-runtime.yml, convex/deploy_validators, tests/marketplace, tests/analytics.","Runtime status is still spec_binding_pending_pack_m21_3; required artifact evidence not promoted. Checked: .github/workflows/marketplace-runtime.yml, convex/deploy_validators, tests/marketplace, tests/analytics."
dsar_cascade_bridge_payload_body_pii_sweep_completeness,Sourcera_Master_Spec.md,66976,M.5.4 Catalog index {#m-5-4-catalog-index},blocker,V9,spec_binding_pending_pack_m11_3,m11_3,".github/workflows/deploy-validator.yml, .github/workflows/test-strategy.yml, convex/deploy_validators, tests/integration.","Runtime status is still spec_binding_pending_pack_m11_3; required artifact evidence not promoted. Checked: .github/workflows/deploy-validator.yml, .github/workflows/test-strategy.yml, convex/deploy_validators, tests/integration."
dsar_cascade_bridge_redaction_hash_recompute,Sourcera_Master_Spec.md,66977,M.5.4 Catalog index {#m-5-4-catalog-index},blocker,V9,spec_binding_pending_pack_m11_3,m11_3,".github/workflows/deploy-validator.yml, .github/workflows/test-strategy.yml, convex/deploy_validators, tests/integration.","Runtime status is still spec_binding_pending_pack_m11_3; required artifact evidence not promoted. Checked: .github/workflows/deploy-validator.yml, .github/workflows/test-strategy.yml, convex/deploy_validators, tests/integration."
bridge_payload_body_pii_sweep_buyer_seller_parity,Sourcera_Master_Spec.md,66979,M.5.4 Catalog index {#m-5-4-catalog-index},blocker,V9,spec_binding_pending_pack_m11_3,m11_3,".github/workflows/deploy-validator.yml, .github/workflows/test-strategy.yml, convex/deploy_validators, tests/integration.","Runtime status is still spec_binding_pending_pack_m11_3; required artifact evidence not promoted. Checked: .github/workflows/deploy-validator.yml, .github/workflows/test-strategy.yml, convex/deploy_validators, tests/integration."
dsar_cascade_partial_failure_pagerduty_sla,Sourcera_Master_Spec.md,66980,M.5.4 Catalog index {#m-5-4-catalog-index},blocker,V9,spec_binding_pending_pack_m11_3,m11_3,".github/workflows/deploy-validator.yml, .github/workflows/test-strategy.yml, convex/deploy_validators, tests/integration.","Runtime status is still spec_binding_pending_pack_m11_3; required artifact evidence not promoted. Checked: .github/workflows/deploy-validator.yml, .github/workflows/test-strategy.yml, convex/deploy_validators, tests/integration."
dsar_cascade_partial_failure_resume_sla_24h,Sourcera_Master_Spec.md,66981,M.5.4 Catalog index {#m-5-4-catalog-index},blocker,V9,spec_binding_pending_pack_m11_3,m11_3,".github/workflows/deploy-validator.yml, .github/workflows/test-strategy.yml, convex/deploy_validators, tests/integration.","Runtime status is still spec_binding_pending_pack_m11_3; required artifact evidence not promoted. Checked: .github/workflows/deploy-validator.yml, .github/workflows/test-strategy.yml, convex/deploy_validators, tests/integration."
dsar_cascade_statutory_ceiling_auto_escalation,Sourcera_Master_Spec.md,66982,M.5.4 Catalog index {#m-5-4-catalog-index},blocker,V9,spec_binding_pending_pack_m11_3,m11_3,".github/workflows/deploy-validator.yml, .github/workflows/test-strategy.yml, convex/deploy_validators, tests/integration.","Runtime status is still spec_binding_pending_pack_m11_3; required artifact evidence not promoted. Checked: .github/workflows/deploy-validator.yml, .github/workflows/test-strategy.yml, convex/deploy_validators, tests/integration."
dsar_cascade_pseudonym_epoch_consistency,Sourcera_Master_Spec.md,66984,M.5.4 Catalog index {#m-5-4-catalog-index},blocker,V9,spec_binding_pending_pack_m11_3,m11_3,".github/workflows/deploy-validator.yml, .github/workflows/test-strategy.yml, convex/deploy_validators, tests/integration.","Runtime status is still spec_binding_pending_pack_m11_3; required artifact evidence not promoted. Checked: .github/workflows/deploy-validator.yml, .github/workflows/test-strategy.yml, convex/deploy_validators, tests/integration."
dr_failover_residency_bound,Sourcera_Master_Spec.md,66985,M.5.4 Catalog index {#m-5-4-catalog-index},blocker,V9,spec_binding_pending_pack_m21_3,m21_3,".github/workflows/marketplace-runtime.yml, convex/deploy_validators, tests/marketplace, tests/analytics.","Runtime status is still spec_binding_pending_pack_m21_3; required artifact evidence not promoted. Checked: .github/workflows/marketplace-runtime.yml, convex/deploy_validators, tests/marketplace, tests/analytics."
dns_failover_target_residency_match,Sourcera_Master_Spec.md,66986,M.5.4 Catalog index {#m-5-4-catalog-index},blocker,V9,spec_binding_pending_pack_m21_3,m21_3,".github/workflows/marketplace-runtime.yml, convex/deploy_validators, tests/marketplace, tests/analytics.","Runtime status is still spec_binding_pending_pack_m21_3; required artifact evidence not promoted. Checked: .github/workflows/marketplace-runtime.yml, convex/deploy_validators, tests/marketplace, tests/analytics."
dr_failover_no_cross_residency,Sourcera_Master_Spec.md,66987,M.5.4 Catalog index {#m-5-4-catalog-index},blocker,V9,spec_binding_pending_pack_m21_3,m21_3,".github/workflows/marketplace-runtime.yml, convex/deploy_validators, tests/marketplace, tests/analytics.","Runtime status is still spec_binding_pending_pack_m21_3; required artifact evidence not promoted. Checked: .github/workflows/marketplace-runtime.yml, convex/deploy_validators, tests/marketplace, tests/analytics."
dr_restore_test_residency_partition,Sourcera_Master_Spec.md,66988,M.5.4 Catalog index {#m-5-4-catalog-index},blocker,V9,spec_binding_pending_pack_m21_3,m21_3,".github/workflows/marketplace-runtime.yml, convex/deploy_validators, tests/marketplace, tests/analytics.","Runtime status is still spec_binding_pending_pack_m21_3; required artifact evidence not promoted. Checked: .github/workflows/marketplace-runtime.yml, convex/deploy_validators, tests/marketplace, tests/analytics."
dr_game_day_overdue,Sourcera_Master_Spec.md,66989,M.5.4 Catalog index {#m-5-4-catalog-index},blocker,V9,spec_binding_pending_pack_m21_3,m21_3,".github/workflows/marketplace-runtime.yml, convex/deploy_validators, tests/marketplace, tests/analytics.","Runtime status is still spec_binding_pending_pack_m21_3; required artifact evidence not promoted. Checked: .github/workflows/marketplace-runtime.yml, convex/deploy_validators, tests/marketplace, tests/analytics."
backup_residency_partition_isolation,Sourcera_Master_Spec.md,66990,M.5.4 Catalog index {#m-5-4-catalog-index},blocker,V9,spec_binding_pending_pack_m21_3,m21_3,".github/workflows/marketplace-runtime.yml, convex/deploy_validators, tests/marketplace, tests/analytics.","Runtime status is still spec_binding_pending_pack_m21_3; required artifact evidence not promoted. Checked: .github/workflows/marketplace-runtime.yml, convex/deploy_validators, tests/marketplace, tests/analytics."
s3_replication_policy_residency_bound,Sourcera_Master_Spec.md,66991,M.5.4 Catalog index {#m-5-4-catalog-index},blocker,V9 [V11],spec_binding_pending_pack_m21_3,m21_3,".github/workflows/marketplace-runtime.yml, convex/deploy_validators, tests/marketplace, tests/analytics.","Runtime status is still spec_binding_pending_pack_m21_3; required artifact evidence not promoted. Checked: .github/workflows/marketplace-runtime.yml, convex/deploy_validators, tests/marketplace, tests/analytics."
s3_cross_region_replica_dpa_approval_required,Sourcera_Master_Spec.md,66992,M.5.4 Catalog index {#m-5-4-catalog-index},blocker,V9,spec_binding_pending_pack_m21_3,m21_3,".github/workflows/marketplace-runtime.yml, convex/deploy_validators, tests/marketplace, tests/analytics.","Runtime status is still spec_binding_pending_pack_m21_3; required artifact evidence not promoted. Checked: .github/workflows/marketplace-runtime.yml, convex/deploy_validators, tests/marketplace, tests/analytics."
backup_dsar_repseudonymization_completeness,Sourcera_Master_Spec.md,66993,M.5.4 Catalog index {#m-5-4-catalog-index},blocker,V9,spec_binding_pending_pack_m21_3,m21_3,".github/workflows/marketplace-runtime.yml, convex/deploy_validators, tests/marketplace, tests/analytics.","Runtime status is still spec_binding_pending_pack_m21_3; required artifact evidence not promoted. Checked: .github/workflows/marketplace-runtime.yml, convex/deploy_validators, tests/marketplace, tests/analytics."
dsar_excluded_snapshot_restore_blocked,Sourcera_Master_Spec.md,66994,M.5.4 Catalog index {#m-5-4-catalog-index},blocker,V9,spec_binding_pending_pack_m21_3,m21_3,".github/workflows/marketplace-runtime.yml, convex/deploy_validators, tests/marketplace, tests/analytics.","Runtime status is still spec_binding_pending_pack_m21_3; required artifact evidence not promoted. Checked: .github/workflows/marketplace-runtime.yml, convex/deploy_validators, tests/marketplace, tests/analytics."
snapshot_catalog_residency_partition,Sourcera_Master_Spec.md,66995,M.5.4 Catalog index {#m-5-4-catalog-index},blocker,V9,spec_binding_pending_pack_m21_3,m21_3,".github/workflows/marketplace-runtime.yml, convex/deploy_validators, tests/marketplace, tests/analytics.","Runtime status is still spec_binding_pending_pack_m21_3; required artifact evidence not promoted. Checked: .github/workflows/marketplace-runtime.yml, convex/deploy_validators, tests/marketplace, tests/analytics."
attachment_dsar_72h_binary_detach_sla,Sourcera_Master_Spec.md,66996,M.5.4 Catalog index {#m-5-4-catalog-index},blocker,V9,spec_binding_pending_pack_m11_3,m11_3,".github/workflows/deploy-validator.yml, .github/workflows/test-strategy.yml, convex/deploy_validators, tests/integration.","Runtime status is still spec_binding_pending_pack_m11_3; required artifact evidence not promoted. Checked: .github/workflows/deploy-validator.yml, .github/workflows/test-strategy.yml, convex/deploy_validators, tests/integration."
cost_base_recalc_notice_window_trajectory_gate,Sourcera_Master_Spec.md,67005,M.5.4 Catalog index {#m-5-4-catalog-index},blocker,V11 (D-11.3-002 remediation),spec_binding_pending_pack_m11_3,m11_3,".github/workflows/deploy-validator.yml, .github/workflows/test-strategy.yml, convex/deploy_validators, tests/integration.","Runtime status is still spec_binding_pending_pack_m11_3; required artifact evidence not promoted. Checked: .github/workflows/deploy-validator.yml, .github/workflows/test-strategy.yml, convex/deploy_validators, tests/integration."
kb_bootstrap_per_org_concurrency_lock_active,Sourcera_Master_Spec.md,67008,M.5.4 Catalog index {#m-5-4-catalog-index},blocker,V11 (D-11.3-002 remediation; v7.1.1 stamp gate),spec_binding_pending_pack_m11_3,m11_3,".github/workflows/deploy-validator.yml, .github/workflows/test-strategy.yml, convex/deploy_validators, tests/integration.","Runtime status is still spec_binding_pending_pack_m11_3; required artifact evidence not promoted. Checked: .github/workflows/deploy-validator.yml, .github/workflows/test-strategy.yml, convex/deploy_validators, tests/integration."
bid_disqualification_cascade_active,Sourcera_Master_Spec.md,67009,M.5.4 Catalog index {#m-5-4-catalog-index},blocker,V11 (D-11.3-002 remediation; v7.1.1 stamp gate),spec_binding_pending_pack_m11_3,m11_3,".github/workflows/deploy-validator.yml, .github/workflows/test-strategy.yml, convex/deploy_validators, tests/integration.","Runtime status is still spec_binding_pending_pack_m11_3; required artifact evidence not promoted. Checked: .github/workflows/deploy-validator.yml, .github/workflows/test-strategy.yml, convex/deploy_validators, tests/integration."
wallet_read_role_gate_scope,Sourcera_Master_Spec.md,67010,M.5.4 Catalog index {#m-5-4-catalog-index},blocker,V11 (D-11.3-002 remediation),spec_binding_pending_pack_m11_3,m11_3,".github/workflows/deploy-validator.yml, .github/workflows/test-strategy.yml, convex/deploy_validators, tests/integration.","Runtime status is still spec_binding_pending_pack_m11_3; required artifact evidence not promoted. Checked: .github/workflows/deploy-validator.yml, .github/workflows/test-strategy.yml, convex/deploy_validators, tests/integration."
committed_spend_single_pool_invariant,Sourcera_Master_Spec.md,67011,M.5.4 Catalog index {#m-5-4-catalog-index},blocker,V11 (D-11.3-002 remediation),spec_binding_pending_pack_m24_3,m24_3,".github/workflows/billing-runtime.yml, tests/billing, convex/deploy_validators.","Runtime status is still spec_binding_pending_pack_m24_3; required artifact evidence not promoted. Checked: .github/workflows/billing-runtime.yml, tests/billing, convex/deploy_validators."
committed_spend_single_auto_renew_invariant,Sourcera_Master_Spec.md,67012,M.5.4 Catalog index {#m-5-4-catalog-index},blocker,V11 (D-11.3-002 remediation),spec_binding_pending_pack_m24_3,m24_3,".github/workflows/billing-runtime.yml, tests/billing, convex/deploy_validators.","Runtime status is still spec_binding_pending_pack_m24_3; required artifact evidence not promoted. Checked: .github/workflows/billing-runtime.yml, tests/billing, convex/deploy_validators."
committed_spend_console_scope_consistency,Sourcera_Master_Spec.md,67013,M.5.4 Catalog index {#m-5-4-catalog-index},blocker,V11 (D-11.3-002 remediation),spec_binding_pending_pack_m24_3,m24_3,".github/workflows/billing-runtime.yml, tests/billing, convex/deploy_validators.","Runtime status is still spec_binding_pending_pack_m24_3; required artifact evidence not promoted. Checked: .github/workflows/billing-runtime.yml, tests/billing, convex/deploy_validators."
accessibility_settings_preference_contract,Sourcera_Master_Spec.md,67025,M.5.4 Catalog index {#m-5-4-catalog-index},blocker,Phase 37 P1 (D-37-003 remediation),spec_binding_pending_pack_m11_3,m11_3,".github/workflows/deploy-validator.yml, .github/workflows/test-strategy.yml, convex/deploy_validators, tests/integration.","Runtime status is still spec_binding_pending_pack_m11_3; required artifact evidence not promoted. Checked: .github/workflows/deploy-validator.yml, .github/workflows/test-strategy.yml, convex/deploy_validators, tests/integration."
no_hardcoded_directional_css,Sourcera_Master_Spec.md,67028,M.5.4 Catalog index {#m-5-4-catalog-index},blocker,Phase 37 P1 (D-37-002 remediation),spec_binding_pending_pack_m02_3,m02_3,tools/spec-lint/gates/no_hardcoded_directional_css.ts.,Runtime status is still spec_binding_pending_pack_m02_3; required artifact evidence not promoted. Checked: tools/spec-lint/gates/no_hardcoded_directional_css.ts.
rtl_directionality_runtime_contract,Sourcera_Master_Spec.md,67029,M.5.4 Catalog index {#m-5-4-catalog-index},blocker,Phase 37 P1 (D-37-002 remediation),spec_binding_pending_pack_m11_3,m11_3,".github/workflows/deploy-validator.yml, .github/workflows/test-strategy.yml, convex/deploy_validators, tests/integration.","Runtime status is still spec_binding_pending_pack_m11_3; required artifact evidence not promoted. Checked: .github/workflows/deploy-validator.yml, .github/workflows/test-strategy.yml, convex/deploy_validators, tests/integration."
locale_resolution_engine_contract,Sourcera_Master_Spec.md,67030,M.5.4 Catalog index {#m-5-4-catalog-index},blocker,Phase 37 P1 (D-37-005 remediation),spec_binding_pending_pack_m11_3,m11_3,".github/workflows/deploy-validator.yml, .github/workflows/test-strategy.yml, convex/deploy_validators, tests/integration.","Runtime status is still spec_binding_pending_pack_m11_3; required artifact evidence not promoted. Checked: .github/workflows/deploy-validator.yml, .github/workflows/test-strategy.yml, convex/deploy_validators, tests/integration."
workspace_pulse_health_persistence_contract,Sourcera_Master_Spec.md,67035,M.5.4 Catalog index {#m-5-4-catalog-index},blocker,Phase 4.11 P1 (D-4.11-007 remediation),spec_binding_pending_pack_m11_3,m11_3,".github/workflows/deploy-validator.yml, .github/workflows/test-strategy.yml, convex/deploy_validators, tests/integration.","Runtime status is still spec_binding_pending_pack_m11_3; required artifact evidence not promoted. Checked: .github/workflows/deploy-validator.yml, .github/workflows/test-strategy.yml, convex/deploy_validators, tests/integration."
seller_pulse_surface_engine_mapping,Sourcera_Master_Spec.md,67039,M.5.4 Catalog index {#m-5-4-catalog-index},blocker,Phase 5.5 / Phase 24 P1 (D-24-014 remediation),spec_binding_pending_pack_m11_3,m11_3,".github/workflows/deploy-validator.yml, .github/workflows/test-strategy.yml, convex/deploy_validators, tests/integration.","Runtime status is still spec_binding_pending_pack_m11_3; required artifact evidence not promoted. Checked: .github/workflows/deploy-validator.yml, .github/workflows/test-strategy.yml, convex/deploy_validators, tests/integration."
firecrawl_outage_progress_line_substitution,Sourcera_Master_Spec.md,67192,M.5.12 V13 catalog additions (PLG / Growth / Analytics / Hero Moment) {#m-5-12-v13-additions},blocker,runtime_behavior,spec_binding_pending_pack_m02_3,m02_3,tools/spec-lint/gates/firecrawl_outage_progress_line_substitution.ts.,Runtime status is still spec_binding_pending_pack_m02_3; required artifact evidence not promoted. Checked: tools/spec-lint/gates/firecrawl_outage_progress_line_substitution.ts.
kb_bootstrap_allowance_compensation_completeness,Sourcera_Master_Spec.md,67193,M.5.12 V13 catalog additions (PLG / Growth / Analytics / Hero Moment) {#m-5-12-v13-additions},blocker,runtime_behavior + content_consistency,spec_binding_pending_pack_m02_3,m02_3,tools/spec-lint/gates/kb_bootstrap_allowance_compensation_completeness.ts.,Runtime status is still spec_binding_pending_pack_m02_3; required artifact evidence not promoted. Checked: tools/spec-lint/gates/kb_bootstrap_allowance_compensation_completeness.ts.
buyer_activation_metric_canonical_consumer,Sourcera_Master_Spec.md,67194,M.5.12 V13 catalog additions (PLG / Growth / Analytics / Hero Moment) {#m-5-12-v13-additions},blocker,content_consistency,spec_binding_pending_pack_m21_3,m21_3,".github/workflows/marketplace-runtime.yml, convex/deploy_validators, tests/marketplace, tests/analytics.","Runtime status is still spec_binding_pending_pack_m21_3; required artifact evidence not promoted. Checked: .github/workflows/marketplace-runtime.yml, convex/deploy_validators, tests/marketplace, tests/analytics."
usage_dashboard_plan_gating_canonical_6_tier_consumer,Sourcera_Master_Spec.md,67197,M.5.12 V13 catalog additions (PLG / Growth / Analytics / Hero Moment) {#m-5-12-v13-additions},blocker,content_consistency,spec_binding_pending_pack_m21_3,m21_3,".github/workflows/marketplace-runtime.yml, convex/deploy_validators, tests/marketplace, tests/analytics.","Runtime status is still spec_binding_pending_pack_m21_3; required artifact evidence not promoted. Checked: .github/workflows/marketplace-runtime.yml, convex/deploy_validators, tests/marketplace, tests/analytics."
m16_same_domain_enforcement_dual_point_canonical,Sourcera_Master_Spec.md,67200,M.5.12 V13 catalog additions (PLG / Growth / Analytics / Hero Moment) {#m-5-12-v13-additions},blocker,runtime_behavior + content_consistency,spec_binding_pending_pack_m02_3,m02_3,tools/spec-lint/gates/m16_same_domain_enforcement_dual_point_canonical.ts.,Runtime status is still spec_binding_pending_pack_m02_3; required artifact evidence not promoted. Checked: tools/spec-lint/gates/m16_same_domain_enforcement_dual_point_canonical.ts.
solo_tier_buyer_hero_moment_slo_single_source,Sourcera_Master_Spec.md,67207,M.5.12 V13 catalog additions (PLG / Growth / Analytics / Hero Moment) {#m-5-12-v13-additions},blocker,content_consistency,spec_binding_pending_pack_m21_3,m21_3,".github/workflows/marketplace-runtime.yml, convex/deploy_validators, tests/marketplace, tests/analytics.","Runtime status is still spec_binding_pending_pack_m21_3; required artifact evidence not promoted. Checked: .github/workflows/marketplace-runtime.yml, convex/deploy_validators, tests/marketplace, tests/analytics."
dsar_erased_seller_excluded_from_recovery_cadence,Sourcera_Master_Spec.md,67209,M.5.12 V13 catalog additions (PLG / Growth / Analytics / Hero Moment) {#m-5-12-v13-additions},blocker,runtime_behavior,spec_binding_pending_pack_m02_3,m02_3,tools/spec-lint/gates/dsar_erased_seller_excluded_from_recovery_cadence.ts.,Runtime status is still spec_binding_pending_pack_m02_3; required artifact evidence not promoted. Checked: tools/spec-lint/gates/dsar_erased_seller_excluded_from_recovery_cadence.ts.
dsar_erased_buyer_excluded_from_recovery_cadence,Sourcera_Master_Spec.md,67210,M.5.12 V13 catalog additions (PLG / Growth / Analytics / Hero Moment) {#m-5-12-v13-additions},blocker,runtime_behavior,spec_binding_pending_pack_m21_3,m21_3,".github/workflows/marketplace-runtime.yml, convex/deploy_validators, tests/marketplace, tests/analytics.","Runtime status is still spec_binding_pending_pack_m21_3; required artifact evidence not promoted. Checked: .github/workflows/marketplace-runtime.yml, convex/deploy_validators, tests/marketplace, tests/analytics."
network_effects_dashboard_outage_render_contract,Sourcera_Master_Spec.md,67213,M.5.12 V13 catalog additions (PLG / Growth / Analytics / Hero Moment) {#m-5-12-v13-additions},blocker,runtime_behavior,spec_binding_pending_pack_m02_3,m02_3,tools/spec-lint/gates/network_effects_dashboard_outage_render_contract.ts.,Runtime status is still spec_binding_pending_pack_m02_3; required artifact evidence not promoted. Checked: tools/spec-lint/gates/network_effects_dashboard_outage_render_contract.ts.
network_effects_residency_partition_canonical_consumer,Sourcera_Master_Spec.md,67214,M.5.12 V13 catalog additions (PLG / Growth / Analytics / Hero Moment) {#m-5-12-v13-additions},blocker,runtime_behavior,spec_binding_pending_pack_m21_3,m21_3,".github/workflows/marketplace-runtime.yml, convex/deploy_validators, tests/marketplace, tests/analytics.","Runtime status is still spec_binding_pending_pack_m21_3; required artifact evidence not promoted. Checked: .github/workflows/marketplace-runtime.yml, convex/deploy_validators, tests/marketplace, tests/analytics."
entitlement_matrix_registry_binding_completeness,Sourcera_Master_Spec.md,67247,M.5.14 v7.2.0-REM Phase 4 catalog additions (P0 Entitlement Registry) {#m-5-14-v72rem-phase-4-additions},blocker,meta_catalog_invariant,spec_binding_pending_pack_m11_3,m11_3,".github/workflows/deploy-validator.yml, .github/workflows/test-strategy.yml, convex/deploy_validators, tests/integration.","Runtime status is still spec_binding_pending_pack_m11_3; required artifact evidence not promoted. Checked: .github/workflows/deploy-validator.yml, .github/workflows/test-strategy.yml, convex/deploy_validators, tests/integration."
qa_suggestion_family_cardinality,Sourcera_Master_Spec.md,67248,M.5.14 v7.2.0-REM Phase 4 catalog additions (P0 Entitlement Registry) {#m-5-14-v72rem-phase-4-additions},blocker,runtime_property_test,spec_binding_pending_pack_m11_3,m11_3,".github/workflows/deploy-validator.yml, .github/workflows/test-strategy.yml, convex/deploy_validators, tests/integration.","Runtime status is still spec_binding_pending_pack_m11_3; required artifact evidence not promoted. Checked: .github/workflows/deploy-validator.yml, .github/workflows/test-strategy.yml, convex/deploy_validators, tests/integration."
qa_suggestion_family_outcome_contract_isolation,Sourcera_Master_Spec.md,67249,M.5.14 v7.2.0-REM Phase 4 catalog additions (P0 Entitlement Registry) {#m-5-14-v72rem-phase-4-additions},blocker,cross_feature_invariant,spec_binding_pending_pack_m11_3,m11_3,".github/workflows/deploy-validator.yml, .github/workflows/test-strategy.yml, convex/deploy_validators, tests/integration.","Runtime status is still spec_binding_pending_pack_m11_3; required artifact evidence not promoted. Checked: .github/workflows/deploy-validator.yml, .github/workflows/test-strategy.yml, convex/deploy_validators, tests/integration."
kb_suggestion_family_cardinality,Sourcera_Master_Spec.md,67275,M.5.15 v7.2.0-REM Phase 4.2 catalog additions (P0 Entitlement Registry — D-EM-002 Closure + kb_suggestion Family-Rooted Sibling Split) {#m-5-15-v72rem-phase-4-2-additions},blocker,runtime_property_test,spec_binding_pending_pack_m11_3,m11_3,".github/workflows/deploy-validator.yml, .github/workflows/test-strategy.yml, convex/deploy_validators, tests/integration.","Runtime status is still spec_binding_pending_pack_m11_3; required artifact evidence not promoted. Checked: .github/workflows/deploy-validator.yml, .github/workflows/test-strategy.yml, convex/deploy_validators, tests/integration."
kb_suggestion_family_outcome_contract_isolation,Sourcera_Master_Spec.md,67276,M.5.15 v7.2.0-REM Phase 4.2 catalog additions (P0 Entitlement Registry — D-EM-002 Closure + kb_suggestion Family-Rooted Sibling Split) {#m-5-15-v72rem-phase-4-2-additions},blocker,cross_feature_invariant,spec_binding_pending_pack_m11_3,m11_3,".github/workflows/deploy-validator.yml, .github/workflows/test-strategy.yml, convex/deploy_validators, tests/integration.","Runtime status is still spec_binding_pending_pack_m11_3; required artifact evidence not promoted. Checked: .github/workflows/deploy-validator.yml, .github/workflows/test-strategy.yml, convex/deploy_validators, tests/integration."
kb_suggestion_alias_console_resolution_integrity,Sourcera_Master_Spec.md,67277,M.5.15 v7.2.0-REM Phase 4.2 catalog additions (P0 Entitlement Registry — D-EM-002 Closure + kb_suggestion Family-Rooted Sibling Split) {#m-5-15-v72rem-phase-4-2-additions},blocker,cross_feature_invariant,spec_binding_pending_pack_m11_3,m11_3,".github/workflows/deploy-validator.yml, .github/workflows/test-strategy.yml, convex/deploy_validators, tests/integration.","Runtime status is still spec_binding_pending_pack_m11_3; required artifact evidence not promoted. Checked: .github/workflows/deploy-validator.yml, .github/workflows/test-strategy.yml, convex/deploy_validators, tests/integration."
first_pass_rfp_draft_outcome_contract_isolation,Sourcera_Master_Spec.md,67301,M.5.16 v7.2.0-REM Phase 4.3 catalog additions (P0 Entitlement Registry — D-EM-003 Closure + first_pass_rfp_draft Per-Requirement Registry Row) {#m-5-16-v72rem-phase-4-3-additions},blocker,cross_feature_invariant,spec_binding_pending_pack_m11_3,m11_3,".github/workflows/deploy-validator.yml, .github/workflows/test-strategy.yml, convex/deploy_validators, tests/integration.","Runtime status is still spec_binding_pending_pack_m11_3; required artifact evidence not promoted. Checked: .github/workflows/deploy-validator.yml, .github/workflows/test-strategy.yml, convex/deploy_validators, tests/integration."
legal_entity_residency_change_revenue_leak_test,Sourcera_Master_Spec.md,67336,M.5.17 v7.2.0-REM Phase 5 catalog additions (P0 Residency & Legal-Entity Reconciliation — D-RES-004 Closure + Stripe Customer Atomic-Binding Protocol) {#m-5-17-v72rem-phase-5-additions},blocker,cross_feature_invariant,spec_binding_pending_pack_m24_3,m24_3,".github/workflows/billing-runtime.yml, tests/billing, convex/deploy_validators.","Runtime status is still spec_binding_pending_pack_m24_3; required artifact evidence not promoted. Checked: .github/workflows/billing-runtime.yml, tests/billing, convex/deploy_validators."
org_custom_residency_label_required,Sourcera_Master_Spec.md,67338,M.5.17 v7.2.0-REM Phase 5 catalog additions (P0 Residency & Legal-Entity Reconciliation — D-RES-004 Closure + Stripe Customer Atomic-Binding Protocol) {#m-5-17-v72rem-phase-5-additions},blocker,per_feature_gate,spec_binding_pending_pack_m11_3,m11_3,".github/workflows/deploy-validator.yml, .github/workflows/test-strategy.yml, convex/deploy_validators, tests/integration.","Runtime status is still spec_binding_pending_pack_m11_3; required artifact evidence not promoted. Checked: .github/workflows/deploy-validator.yml, .github/workflows/test-strategy.yml, convex/deploy_validators, tests/integration."
solo_trial_one_per_org_lifetime,Sourcera_Master_Spec.md,67423,M.5.21 v7.2.0-REM P1 Solo trial additions (D-14.1-002 / D-14.2-002 closure) {#m-5-21-v72rem-p1-solo-trial-additions},blocker,cross_feature_invariant,spec_binding_pending_pack_m02_3,m02_3,tools/spec-lint/gates/solo_trial_one_per_org_lifetime.ts.,Runtime status is still spec_binding_pending_pack_m02_3; required artifact evidence not promoted. Checked: tools/spec-lint/gates/solo_trial_one_per_org_lifetime.ts.
solo_upgrade_cta_threshold_3_events_30d_subscription_immediate_per_eval_bid,Sourcera_Master_Spec.md,67433,M.5.22 v7.2.0-REM P1 Solo throttling upgrade-CTA additions (D-14.1-003 / D-14.2-003 closure) {#m-5-22-v72rem-p1-solo-throttling-upgrade-cta-additions},blocker,cross_feature_invariant,spec_binding_pending_pack_m02_3,m02_3,tools/spec-lint/gates/solo_upgrade_cta_threshold_3_events_30d_subscription_immediate_per_eval_bid.ts.,Runtime status is still spec_binding_pending_pack_m02_3; required artifact evidence not promoted. Checked: tools/spec-lint/gates/solo_upgrade_cta_threshold_3_events_30d_subscription_immediate_per_eval_bid.ts.
member_role_permission_completeness,Sourcera_Master_Spec.md,67497,M.5.28 v7.2.0-REM Phase 3.1 RBAC Residual P1 addition (D-3.1-003 / D-3.1-004 / D-3.1-005 / D-3.1-007 / D-3.1-014 closure) {#m-5-28-v72rem-phase-3-1-rbac-residual-p1-addition},blocker,rbac_contract_consistency,spec_binding_pending_pack_m11_3,m11_3,".github/workflows/deploy-validator.yml, .github/workflows/test-strategy.yml, convex/deploy_validators, tests/integration.","Runtime status is still spec_binding_pending_pack_m11_3; required artifact evidence not promoted. Checked: .github/workflows/deploy-validator.yml, .github/workflows/test-strategy.yml, convex/deploy_validators, tests/integration."
org_admin_billing_read_consistency,Sourcera_Master_Spec.md,67498,M.5.28 v7.2.0-REM Phase 3.1 RBAC Residual P1 addition (D-3.1-003 / D-3.1-004 / D-3.1-005 / D-3.1-007 / D-3.1-014 closure) {#m-5-28-v72rem-phase-3-1-rbac-residual-p1-addition},blocker,rbac_contract_consistency,spec_binding_pending_pack_m11_3,m11_3,".github/workflows/deploy-validator.yml, .github/workflows/test-strategy.yml, convex/deploy_validators, tests/integration.","Runtime status is still spec_binding_pending_pack_m11_3; required artifact evidence not promoted. Checked: .github/workflows/deploy-validator.yml, .github/workflows/test-strategy.yml, convex/deploy_validators, tests/integration."
buyer_console_role_permission_completeness,Sourcera_Master_Spec.md,67499,M.5.28 v7.2.0-REM Phase 3.1 RBAC Residual P1 addition (D-3.1-003 / D-3.1-004 / D-3.1-005 / D-3.1-007 / D-3.1-014 closure) {#m-5-28-v72rem-phase-3-1-rbac-residual-p1-addition},blocker,rbac_contract_consistency,spec_binding_pending_pack_m11_3,m11_3,".github/workflows/deploy-validator.yml, .github/workflows/test-strategy.yml, convex/deploy_validators, tests/integration.","Runtime status is still spec_binding_pending_pack_m11_3; required artifact evidence not promoted. Checked: .github/workflows/deploy-validator.yml, .github/workflows/test-strategy.yml, convex/deploy_validators, tests/integration."
seller_console_role_permission_completeness,Sourcera_Master_Spec.md,67500,M.5.28 v7.2.0-REM Phase 3.1 RBAC Residual P1 addition (D-3.1-003 / D-3.1-004 / D-3.1-005 / D-3.1-007 / D-3.1-014 closure) {#m-5-28-v72rem-phase-3-1-rbac-residual-p1-addition},blocker,rbac_contract_consistency,spec_binding_pending_pack_m11_3,m11_3,".github/workflows/deploy-validator.yml, .github/workflows/test-strategy.yml, convex/deploy_validators, tests/integration.","Runtime status is still spec_binding_pending_pack_m11_3; required artifact evidence not promoted. Checked: .github/workflows/deploy-validator.yml, .github/workflows/test-strategy.yml, convex/deploy_validators, tests/integration."
seller_onboarding_reactivation_single_source,Sourcera_Master_Spec.md,67520,M.5.30 v7.2.0-REM Phase 5.7 Seller Onboarding Lifecycle P1 addition (D-5.7-002 / D-5.7-003 closure) {#m-5-30-v72rem-phase-5-7-seller-onboarding-lifecycle-p1-addition},blocker,catalog_consistency,spec_binding_pending_pack_m11_3,m11_3,".github/workflows/deploy-validator.yml, .github/workflows/test-strategy.yml, convex/deploy_validators, tests/integration.","Runtime status is still spec_binding_pending_pack_m11_3; required artifact evidence not promoted. Checked: .github/workflows/deploy-validator.yml, .github/workflows/test-strategy.yml, convex/deploy_validators, tests/integration."
seller_onboarding_staleness_window_single_source,Sourcera_Master_Spec.md,67521,M.5.30 v7.2.0-REM Phase 5.7 Seller Onboarding Lifecycle P1 addition (D-5.7-002 / D-5.7-003 closure) {#m-5-30-v72rem-phase-5-7-seller-onboarding-lifecycle-p1-addition},blocker,numerical_singleton_invariant,spec_binding_pending_pack_m11_3,m11_3,".github/workflows/deploy-validator.yml, .github/workflows/test-strategy.yml, convex/deploy_validators, tests/integration.","Runtime status is still spec_binding_pending_pack_m11_3; required artifact evidence not promoted. Checked: .github/workflows/deploy-validator.yml, .github/workflows/test-strategy.yml, convex/deploy_validators, tests/integration."
email_bounce_complaint_suppression_runtime,Sourcera_Master_Spec.md,67698,"M.5.45 v7.2.0-REM Phase 41 Email Domain P1 addition (D-41-001 through D-41-008, D-41-012, D-41-014 closure) {#m-5-45-v72rem-phase-41-email-domain-p1-addition}",blocker,runtime_property_test,spec_binding_pending_pack_m02_3,m02_3,tools/spec-lint/gates/email_bounce_complaint_suppression_runtime.ts.,Runtime status is still spec_binding_pending_pack_m02_3; required artifact evidence not promoted. Checked: tools/spec-lint/gates/email_bounce_complaint_suppression_runtime.ts.
contest_window_db_trigger_present,Sourcera_Master_Spec.md,67715,M.5.46 v7.2.0-REM Phase CONS Pricing Core P1 addition (D-CONS-003 through D-CONS-013 closure) {#m-5-46-v72rem-phase-cons-pricing-core-p1-addition},blocker,data_integrity_invariant,spec_binding_pending_pack_m11_3,m11_3,".github/workflows/deploy-validator.yml, .github/workflows/test-strategy.yml, convex/deploy_validators, tests/integration.","Runtime status is still spec_binding_pending_pack_m11_3; required artifact evidence not promoted. Checked: .github/workflows/deploy-validator.yml, .github/workflows/test-strategy.yml, convex/deploy_validators, tests/integration."
free_allowance_plan_entitlement_partitioning,Sourcera_Master_Spec.md,67716,M.5.46 v7.2.0-REM Phase CONS Pricing Core P1 addition (D-CONS-003 through D-CONS-013 closure) {#m-5-46-v72rem-phase-cons-pricing-core-p1-addition},blocker,billing_counter_invariant,spec_binding_pending_pack_m11_3,m11_3,".github/workflows/deploy-validator.yml, .github/workflows/test-strategy.yml, convex/deploy_validators, tests/integration.","Runtime status is still spec_binding_pending_pack_m11_3; required artifact evidence not promoted. Checked: .github/workflows/deploy-validator.yml, .github/workflows/test-strategy.yml, convex/deploy_validators, tests/integration."
wallet_auto_topup_period_cap_counter_completeness,Sourcera_Master_Spec.md,67719,M.5.46 v7.2.0-REM Phase CONS Pricing Core P1 addition (D-CONS-003 through D-CONS-013 closure) {#m-5-46-v72rem-phase-cons-pricing-core-p1-addition},blocker,billing_counter_invariant,spec_binding_pending_pack_m11_3,m11_3,".github/workflows/deploy-validator.yml, .github/workflows/test-strategy.yml, convex/deploy_validators, tests/integration.","Runtime status is still spec_binding_pending_pack_m11_3; required artifact evidence not promoted. Checked: .github/workflows/deploy-validator.yml, .github/workflows/test-strategy.yml, convex/deploy_validators, tests/integration."
pulse_digest_summary_firewall,Sourcera_Master_Spec.md,67736,"M.5.47 v7.2.0-REM Phase 4.11 Inbox and Pulse P1 continuation addition (D-4.11-006, D-4.11-008 through D-4.11-016 closure) {#m-5-47-v72rem-phase-4-11-inbox-and-pulse-p1-continuation-addition}",blocker,cross_console_firewall_invariant,spec_binding_pending_pack_m11_3,m11_3,".github/workflows/deploy-validator.yml, .github/workflows/test-strategy.yml, convex/deploy_validators, tests/integration.","Runtime status is still spec_binding_pending_pack_m11_3; required artifact evidence not promoted. Checked: .github/workflows/deploy-validator.yml, .github/workflows/test-strategy.yml, convex/deploy_validators, tests/integration."
inbox_mutation_idempotency_contract,Sourcera_Master_Spec.md,67739,"M.5.47 v7.2.0-REM Phase 4.11 Inbox and Pulse P1 continuation addition (D-4.11-006, D-4.11-008 through D-4.11-016 closure) {#m-5-47-v72rem-phase-4-11-inbox-and-pulse-p1-continuation-addition}",blocker,api_idempotency_invariant,spec_binding_pending_pack_m11_3,m11_3,".github/workflows/deploy-validator.yml, .github/workflows/test-strategy.yml, convex/deploy_validators, tests/integration.","Runtime status is still spec_binding_pending_pack_m11_3; required artifact evidence not promoted. Checked: .github/workflows/deploy-validator.yml, .github/workflows/test-strategy.yml, convex/deploy_validators, tests/integration."
agent_feedback_no_model_training,Sourcera_Master_Spec.md,67753,M.5.48 v7.2.0-REM Phase 4.12 Agent Core P1 addition (D-4.12-001 / -013 / -018 / -019 / -025 / -029 / -035 closure) {#m-5-48-v72rem-phase-4-12-agent-core-p1-addition},blocker,privacy_invariant,spec_binding_pending_pack_m11_3,m11_3,".github/workflows/deploy-validator.yml, .github/workflows/test-strategy.yml, convex/deploy_validators, tests/integration.","Runtime status is still spec_binding_pending_pack_m11_3; required artifact evidence not promoted. Checked: .github/workflows/deploy-validator.yml, .github/workflows/test-strategy.yml, convex/deploy_validators, tests/integration."
policy_ingestion_partial_resume_idempotency,Sourcera_Master_Spec.md,67770,M.5.49 v7.2.0-REM Phase 12 Policy Ingestion P1 addition (D-12-001 / -003 / -005 / -007 / -009 / -010 / -011 / -013 / -018 / -022 closure) {#m-5-49-v72rem-phase-12-policy-ingestion-p1-addition},blocker,api_idempotency_invariant,spec_binding_pending_pack_m11_3,m11_3,".github/workflows/deploy-validator.yml, .github/workflows/test-strategy.yml, convex/deploy_validators, tests/integration.","Runtime status is still spec_binding_pending_pack_m11_3; required artifact evidence not promoted. Checked: .github/workflows/deploy-validator.yml, .github/workflows/test-strategy.yml, convex/deploy_validators, tests/integration."
policy_ingestion_parent_child_settlement,Sourcera_Master_Spec.md,67772,M.5.49 v7.2.0-REM Phase 12 Policy Ingestion P1 addition (D-12-001 / -003 / -005 / -007 / -009 / -010 / -011 / -013 / -018 / -022 closure) {#m-5-49-v72rem-phase-12-policy-ingestion-p1-addition},blocker,billing_invariant,spec_binding_pending_pack_m11_3,m11_3,".github/workflows/deploy-validator.yml, .github/workflows/test-strategy.yml, convex/deploy_validators, tests/integration.","Runtime status is still spec_binding_pending_pack_m11_3; required artifact evidence not promoted. Checked: .github/workflows/deploy-validator.yml, .github/workflows/test-strategy.yml, convex/deploy_validators, tests/integration."
policy_ingestion_buyer_console_firewall,Sourcera_Master_Spec.md,67774,M.5.49 v7.2.0-REM Phase 12 Policy Ingestion P1 addition (D-12-001 / -003 / -005 / -007 / -009 / -010 / -011 / -013 / -018 / -022 closure) {#m-5-49-v72rem-phase-12-policy-ingestion-p1-addition},blocker,cross_console_firewall_invariant,spec_binding_pending_pack_m11_3,m11_3,".github/workflows/deploy-validator.yml, .github/workflows/test-strategy.yml, convex/deploy_validators, tests/integration.","Runtime status is still spec_binding_pending_pack_m11_3; required artifact evidence not promoted. Checked: .github/workflows/deploy-validator.yml, .github/workflows/test-strategy.yml, convex/deploy_validators, tests/integration."
workspace_template_idempotency_atomicity,Sourcera_Master_Spec.md,67789,M.5.50 v7.2.0-REM Phase 4.10 Template Library API/Event P1 addition (D-4.10-006 / -007 / -008 / -016 closure) {#m-5-50-v72rem-phase-4-10-template-library-api-event-p1-addition},blocker,api_idempotency_invariant,spec_binding_pending_pack_m11_3,m11_3,".github/workflows/deploy-validator.yml, .github/workflows/test-strategy.yml, convex/deploy_validators, tests/integration.","Runtime status is still spec_binding_pending_pack_m11_3; required artifact evidence not promoted. Checked: .github/workflows/deploy-validator.yml, .github/workflows/test-strategy.yml, convex/deploy_validators, tests/integration."
scenario_modeling_aioperation_settlement,Sourcera_Master_Spec.md,67806,M.5.51 v7.2.0-REM Phase 4.5 Scenario Modeling P1 addition (D-4.5-002 / -003 / -004 / -005 / -006 / -007 / -009 / -011 / -015 closure) {#m-5-51-v72rem-phase-4-5-scenario-modeling-p1-addition},blocker,entitlement_billing_invariant,spec_binding_pending_pack_m11_3,m11_3,".github/workflows/deploy-validator.yml, .github/workflows/test-strategy.yml, convex/deploy_validators, tests/integration.","Runtime status is still spec_binding_pending_pack_m11_3; required artifact evidence not promoted. Checked: .github/workflows/deploy-validator.yml, .github/workflows/test-strategy.yml, convex/deploy_validators, tests/integration."
entitlement_matrix_non_ai_runtime_branching,Sourcera_Master_Spec.md,67822,M.5.52 v7.2.0-REM Phase EM Entitlement Matrix P1 addition (D-EM-005 / -006 / -007 / -009 / -010 / -011 / -013 / -014 / -018 closure) {#m-5-52-v72rem-phase-em-entitlement-matrix-p1-addition},blocker,cross_feature_invariant,spec_binding_pending_pack_m11_3,m11_3,".github/workflows/deploy-validator.yml, .github/workflows/test-strategy.yml, convex/deploy_validators, tests/integration.","Runtime status is still spec_binding_pending_pack_m11_3; required artifact evidence not promoted. Checked: .github/workflows/deploy-validator.yml, .github/workflows/test-strategy.yml, convex/deploy_validators, tests/integration."
qa_suggestion_cross_console_firewall_boundary,Sourcera_Master_Spec.md,67852,M.5.54 v7.2.0-REM Phase 4.9 Q&A Residual P1 addition (D-4.9-010 / D-4.9-011 / D-4.9-014 closure) {#m-5-54-v72rem-phase-4-9-qa-residual-p1-addition},blocker,cross_console_firewall_invariant,spec_binding_pending_pack_m11_3,m11_3,".github/workflows/deploy-validator.yml, .github/workflows/test-strategy.yml, convex/deploy_validators, tests/integration.","Runtime status is still spec_binding_pending_pack_m11_3; required artifact evidence not promoted. Checked: .github/workflows/deploy-validator.yml, .github/workflows/test-strategy.yml, convex/deploy_validators, tests/integration."
marketplace_match_score_snapshot_tuple_uniqueness,Sourcera_Master_Spec.md,67866,M.5.55 v7.2.0-REM Phase 6.2 Match Score Entity P1 addition (D-6.2-001 / D-6.2-006 closure) {#m-5-55-v72rem-phase-6-2-match-score-entity-p1-addition},blocker,runtime_property_test,spec_binding_pending_pack_m11_3,m11_3,".github/workflows/deploy-validator.yml, .github/workflows/test-strategy.yml, convex/deploy_validators, tests/integration.","Runtime status is still spec_binding_pending_pack_m11_3; required artifact evidence not promoted. Checked: .github/workflows/deploy-validator.yml, .github/workflows/test-strategy.yml, convex/deploy_validators, tests/integration."
marketplace_proactive_offer_pre_acceptance_redaction,Sourcera_Master_Spec.md,67880,M.5.56 v7.2.0-REM Phase 6.2 MarketplaceProactiveOffer P1 addition (D-6.2-015 closure) {#m-5-56-v72rem-phase-6-2-marketplaceproactiveoffer-p1-addition},blocker,cross_console_firewall_invariant,spec_binding_pending_pack_m11_3,m11_3,".github/workflows/deploy-validator.yml, .github/workflows/test-strategy.yml, convex/deploy_validators, tests/integration.","Runtime status is still spec_binding_pending_pack_m11_3; required artifact evidence not promoted. Checked: .github/workflows/deploy-validator.yml, .github/workflows/test-strategy.yml, convex/deploy_validators, tests/integration."
marketplace_proactive_offer_lifecycle_state_machine,Sourcera_Master_Spec.md,67881,M.5.56 v7.2.0-REM Phase 6.2 MarketplaceProactiveOffer P1 addition (D-6.2-015 closure) {#m-5-56-v72rem-phase-6-2-marketplaceproactiveoffer-p1-addition},blocker,state_machine_contract,spec_binding_pending_pack_m11_3,m11_3,".github/workflows/deploy-validator.yml, .github/workflows/test-strategy.yml, convex/deploy_validators, tests/integration.","Runtime status is still spec_binding_pending_pack_m11_3; required artifact evidence not promoted. Checked: .github/workflows/deploy-validator.yml, .github/workflows/test-strategy.yml, convex/deploy_validators, tests/integration."
mcp_session_token_record_entity_home,Sourcera_Master_Spec.md,67897,M.5.57 v7.2.0-REM Phase 5.2 KB / MCP P1 addition (D-5.2-001 / D-5.2-002 / D-5.2-003 / D-5.2-004 / D-5.2-005 / D-5.2-009 / D-5.2-017 / D-5.2-021 closure) {#m-5-57-v72rem-phase-5-2-kb-mcp-p1-addition},blocker,data_model_contract,spec_binding_pending_pack_m11_3,m11_3,".github/workflows/deploy-validator.yml, .github/workflows/test-strategy.yml, convex/deploy_validators, tests/integration.","Runtime status is still spec_binding_pending_pack_m11_3; required artifact evidence not promoted. Checked: .github/workflows/deploy-validator.yml, .github/workflows/test-strategy.yml, convex/deploy_validators, tests/integration."
kb_mcp_webhook_alert_catalog_completeness,Sourcera_Master_Spec.md,67898,M.5.57 v7.2.0-REM Phase 5.2 KB / MCP P1 addition (D-5.2-001 / D-5.2-002 / D-5.2-003 / D-5.2-004 / D-5.2-005 / D-5.2-009 / D-5.2-017 / D-5.2-021 closure) {#m-5-57-v72rem-phase-5-2-kb-mcp-p1-addition},blocker,notification_catalog_consistency,spec_binding_pending_pack_m11_3,m11_3,".github/workflows/deploy-validator.yml, .github/workflows/test-strategy.yml, convex/deploy_validators, tests/integration.","Runtime status is still spec_binding_pending_pack_m11_3; required artifact evidence not promoted. Checked: .github/workflows/deploy-validator.yml, .github/workflows/test-strategy.yml, convex/deploy_validators, tests/integration."
seller_software_transfer_request_entity_home,Sourcera_Master_Spec.md,67914,M.5.58 v7.2.0-REM Phase 5.6 Seller Profiles / Public Pages P1 addition (D-5.6-001 / -002 / -003 / -004 / -005 / -006 / -007 / -008 / -009 / -010 / -019 / -020 / -021 closure) {#m-5-58-v72rem-phase-5-6-seller-public-pages-p1-addition},blocker,data_model_contract,spec_binding_pending_pack_m11_3,m11_3,".github/workflows/deploy-validator.yml, .github/workflows/test-strategy.yml, convex/deploy_validators, tests/integration.","Runtime status is still spec_binding_pending_pack_m11_3; required artifact evidence not promoted. Checked: .github/workflows/deploy-validator.yml, .github/workflows/test-strategy.yml, convex/deploy_validators, tests/integration."
responsive_conformance_suite,Sourcera_Master_Spec.md,67934,M.5.59 v7.2.0-REM Phase 38 Responsive / Mobile P1 addition (D-38-001 / -002 / -003 / -004 / -005 / -006 / -009 / -020 closure) {#m-5-59-v72rem-phase-38-responsive-mobile-p1-addition},blocker,responsive_ui_conformance,spec_binding_pending_pack_m21_3,m21_3,".github/workflows/marketplace-runtime.yml, convex/deploy_validators, tests/marketplace, tests/analytics.","Runtime status is still spec_binding_pending_pack_m21_3; required artifact evidence not promoted. Checked: .github/workflows/marketplace-runtime.yml, convex/deploy_validators, tests/marketplace, tests/analytics."
tap_count_probe,Sourcera_Master_Spec.md,67935,M.5.59 v7.2.0-REM Phase 38 Responsive / Mobile P1 addition (D-38-001 / -002 / -003 / -004 / -005 / -006 / -009 / -020 closure) {#m-5-59-v72rem-phase-38-responsive-mobile-p1-addition},blocker,mobile_workflow_efficiency,spec_binding_pending_pack_m21_3,m21_3,".github/workflows/marketplace-runtime.yml, convex/deploy_validators, tests/marketplace, tests/analytics.","Runtime status is still spec_binding_pending_pack_m21_3; required artifact evidence not promoted. Checked: .github/workflows/marketplace-runtime.yml, convex/deploy_validators, tests/marketplace, tests/analytics."
cross_console_shared_ui_preference_firewall,Sourcera_Master_Spec.md,67942,M.5.59 v7.2.0-REM Phase 38 Responsive / Mobile P1 addition (D-38-001 / -002 / -003 / -004 / -005 / -006 / -009 / -020 closure) {#m-5-59-v72rem-phase-38-responsive-mobile-p1-addition},blocker,cross_console_firewall_invariant,spec_binding_pending_pack_m11_3,m11_3,".github/workflows/deploy-validator.yml, .github/workflows/test-strategy.yml, convex/deploy_validators, tests/integration.","Runtime status is still spec_binding_pending_pack_m11_3; required artifact evidence not promoted. Checked: .github/workflows/deploy-validator.yml, .github/workflows/test-strategy.yml, convex/deploy_validators, tests/integration."
core_web_vitals_in_app_lighthouse_ci,Sourcera_Master_Spec.md,67955,M.5.60 v7.2.0-REM Phase 44 Performance / Solo P1 addition (D-44-001 / -003 / -005 / -006 / -008 closure) {#m-5-60-v72rem-phase-44-performance-solo-p1-addition},blocker,synthetic_monitor,spec_binding_pending_pack_m21_3,m21_3,".github/workflows/marketplace-runtime.yml, convex/deploy_validators, tests/marketplace, tests/analytics.","Runtime status is still spec_binding_pending_pack_m21_3; required artifact evidence not promoted. Checked: .github/workflows/marketplace-runtime.yml, convex/deploy_validators, tests/marketplace, tests/analytics."
api_latency_p95_regression,Sourcera_Master_Spec.md,67956,M.5.60 v7.2.0-REM Phase 44 Performance / Solo P1 addition (D-44-001 / -003 / -005 / -006 / -008 closure) {#m-5-60-v72rem-phase-44-performance-solo-p1-addition},blocker,runtime_property_test,spec_binding_pending_pack_m11_3,m11_3,".github/workflows/deploy-validator.yml, .github/workflows/test-strategy.yml, convex/deploy_validators, tests/integration.","Runtime status is still spec_binding_pending_pack_m11_3; required artifact evidence not promoted. Checked: .github/workflows/deploy-validator.yml, .github/workflows/test-strategy.yml, convex/deploy_validators, tests/integration."
convex_reactivity_slo_regression,Sourcera_Master_Spec.md,67957,M.5.60 v7.2.0-REM Phase 44 Performance / Solo P1 addition (D-44-001 / -003 / -005 / -006 / -008 closure) {#m-5-60-v72rem-phase-44-performance-solo-p1-addition},blocker,runtime_property_test,spec_binding_pending_pack_m11_3,m11_3,".github/workflows/deploy-validator.yml, .github/workflows/test-strategy.yml, convex/deploy_validators, tests/integration.","Runtime status is still spec_binding_pending_pack_m11_3; required artifact evidence not promoted. Checked: .github/workflows/deploy-validator.yml, .github/workflows/test-strategy.yml, convex/deploy_validators, tests/integration."
agent_budget_breach,Sourcera_Master_Spec.md,67958,M.5.60 v7.2.0-REM Phase 44 Performance / Solo P1 addition (D-44-001 / -003 / -005 / -006 / -008 closure) {#m-5-60-v72rem-phase-44-performance-solo-p1-addition},blocker,runtime_property_test,spec_binding_pending_pack_m11_3,m11_3,".github/workflows/deploy-validator.yml, .github/workflows/test-strategy.yml, convex/deploy_validators, tests/integration.","Runtime status is still spec_binding_pending_pack_m11_3; required artifact evidence not promoted. Checked: .github/workflows/deploy-validator.yml, .github/workflows/test-strategy.yml, convex/deploy_validators, tests/integration."
load_test_sla_breach,Sourcera_Master_Spec.md,67959,M.5.60 v7.2.0-REM Phase 44 Performance / Solo P1 addition (D-44-001 / -003 / -005 / -006 / -008 closure) {#m-5-60-v72rem-phase-44-performance-solo-p1-addition},blocker,synthetic_monitor,spec_binding_pending_pack_m21_3,m21_3,".github/workflows/marketplace-runtime.yml, convex/deploy_validators, tests/marketplace, tests/analytics.","Runtime status is still spec_binding_pending_pack_m21_3; required artifact evidence not promoted. Checked: .github/workflows/marketplace-runtime.yml, convex/deploy_validators, tests/marketplace, tests/analytics."
bundle_size_budget_in_app,Sourcera_Master_Spec.md,67960,M.5.60 v7.2.0-REM Phase 44 Performance / Solo P1 addition (D-44-001 / -003 / -005 / -006 / -008 closure) {#m-5-60-v72rem-phase-44-performance-solo-p1-addition},blocker,spec_tree_lint,spec_binding_pending_pack_m21_3,m21_3,".github/workflows/marketplace-runtime.yml, convex/deploy_validators, tests/marketplace, tests/analytics.","Runtime status is still spec_binding_pending_pack_m21_3; required artifact evidence not promoted. Checked: .github/workflows/marketplace-runtime.yml, convex/deploy_validators, tests/marketplace, tests/analytics."
solo_absorption_cap_enforced,Sourcera_Master_Spec.md,67963,M.5.60 v7.2.0-REM Phase 44 Performance / Solo P1 addition (D-44-001 / -003 / -005 / -006 / -008 closure) {#m-5-60-v72rem-phase-44-performance-solo-p1-addition},blocker,cross_feature_invariant,spec_binding_pending_pack_m11_3,m11_3,".github/workflows/deploy-validator.yml, .github/workflows/test-strategy.yml, convex/deploy_validators, tests/integration.","Runtime status is still spec_binding_pending_pack_m11_3; required artifact evidence not promoted. Checked: .github/workflows/deploy-validator.yml, .github/workflows/test-strategy.yml, convex/deploy_validators, tests/integration."
solo_absorption_cap_counter_state_contract,Sourcera_Master_Spec.md,67965,M.5.60 v7.2.0-REM Phase 44 Performance / Solo P1 addition (D-44-001 / -003 / -005 / -006 / -008 closure) {#m-5-60-v72rem-phase-44-performance-solo-p1-addition},blocker,state_machine_contract,spec_binding_pending_pack_m11_3,m11_3,".github/workflows/deploy-validator.yml, .github/workflows/test-strategy.yml, convex/deploy_validators, tests/integration.","Runtime status is still spec_binding_pending_pack_m11_3; required artifact evidence not promoted. Checked: .github/workflows/deploy-validator.yml, .github/workflows/test-strategy.yml, convex/deploy_validators, tests/integration."
bid_workspace_deal_size_band_firewall,Sourcera_Master_Spec.md,67981,M.5.61 v7.2.0-REM Phase DEC Decision-Divergence P1 addition (D-DEC-001 / -002 / -004 / -005 / -007 / -008 closure) {#m-5-61-v72rem-phase-dec-decision-divergence-p1-addition},blocker,cross_console_firewall_invariant,spec_binding_pending_pack_m11_3,m11_3,".github/workflows/deploy-validator.yml, .github/workflows/test-strategy.yml, convex/deploy_validators, tests/integration.","Runtime status is still spec_binding_pending_pack_m11_3; required artifact evidence not promoted. Checked: .github/workflows/deploy-validator.yml, .github/workflows/test-strategy.yml, convex/deploy_validators, tests/integration."
first_pass_high_stakes_band_only,Sourcera_Master_Spec.md,67982,M.5.61 v7.2.0-REM Phase DEC Decision-Divergence P1 addition (D-DEC-001 / -002 / -004 / -005 / -007 / -008 closure) {#m-5-61-v72rem-phase-dec-decision-divergence-p1-addition},blocker,cross_feature_invariant,spec_binding_pending_pack_m11_3,m11_3,".github/workflows/deploy-validator.yml, .github/workflows/test-strategy.yml, convex/deploy_validators, tests/integration.","Runtime status is still spec_binding_pending_pack_m11_3; required artifact evidence not promoted. Checked: .github/workflows/deploy-validator.yml, .github/workflows/test-strategy.yml, convex/deploy_validators, tests/integration."
pro_trial_no_refund_after_vendor_notification,Sourcera_Master_Spec.md,67983,M.5.61 v7.2.0-REM Phase DEC Decision-Divergence P1 addition (D-DEC-001 / -002 / -004 / -005 / -007 / -008 closure) {#m-5-61-v72rem-phase-dec-decision-divergence-p1-addition},blocker,state_machine_contract,spec_binding_pending_pack_m11_3,m11_3,".github/workflows/deploy-validator.yml, .github/workflows/test-strategy.yml, convex/deploy_validators, tests/integration.","Runtime status is still spec_binding_pending_pack_m11_3; required artifact evidence not promoted. Checked: .github/workflows/deploy-validator.yml, .github/workflows/test-strategy.yml, convex/deploy_validators, tests/integration."
wallet_autotopup_ops_override_bounds,Sourcera_Master_Spec.md,67984,M.5.61 v7.2.0-REM Phase DEC Decision-Divergence P1 addition (D-DEC-001 / -002 / -004 / -005 / -007 / -008 closure) {#m-5-61-v72rem-phase-dec-decision-divergence-p1-addition},blocker,entitlement_billing_invariant,spec_binding_pending_pack_m11_3,m11_3,".github/workflows/deploy-validator.yml, .github/workflows/test-strategy.yml, convex/deploy_validators, tests/integration.","Runtime status is still spec_binding_pending_pack_m11_3; required artifact evidence not promoted. Checked: .github/workflows/deploy-validator.yml, .github/workflows/test-strategy.yml, convex/deploy_validators, tests/integration."
wallet_free_free_additive_pool,Sourcera_Master_Spec.md,67986,M.5.61 v7.2.0-REM Phase DEC Decision-Divergence P1 addition (D-DEC-001 / -002 / -004 / -005 / -007 / -008 closure) {#m-5-61-v72rem-phase-dec-decision-divergence-p1-addition},blocker,entitlement_billing_invariant,spec_binding_pending_pack_m11_3,m11_3,".github/workflows/deploy-validator.yml, .github/workflows/test-strategy.yml, convex/deploy_validators, tests/integration.","Runtime status is still spec_binding_pending_pack_m11_3; required artifact evidence not promoted. Checked: .github/workflows/deploy-validator.yml, .github/workflows/test-strategy.yml, convex/deploy_validators, tests/integration."
wallet_free_paid_additive_pool_solo_exception,Sourcera_Master_Spec.md,67987,M.5.61 v7.2.0-REM Phase DEC Decision-Divergence P1 addition (D-DEC-001 / -002 / -004 / -005 / -007 / -008 closure) {#m-5-61-v72rem-phase-dec-decision-divergence-p1-addition},blocker,entitlement_billing_invariant,spec_binding_pending_pack_m11_3,m11_3,".github/workflows/deploy-validator.yml, .github/workflows/test-strategy.yml, convex/deploy_validators, tests/integration.","Runtime status is still spec_binding_pending_pack_m11_3; required artifact evidence not promoted. Checked: .github/workflows/deploy-validator.yml, .github/workflows/test-strategy.yml, convex/deploy_validators, tests/integration."
seller_solo_onboarding_consumption_invisibility,Sourcera_Master_Spec.md,67999,M.5.62 v7.2.0-REM Phase 5.7 Seller Onboarding Residual P1 addition (D-5.7-006 / -008 / -009 / -011 / -015 / -016 / -024 closure) {#m-5-62-v72rem-phase-5-7-seller-onboarding-residual-p1-addition},blocker,tier_visibility_integrity,spec_binding_pending_pack_m11_3,m11_3,".github/workflows/deploy-validator.yml, .github/workflows/test-strategy.yml, convex/deploy_validators, tests/integration.","Runtime status is still spec_binding_pending_pack_m11_3; required artifact evidence not promoted. Checked: .github/workflows/deploy-validator.yml, .github/workflows/test-strategy.yml, convex/deploy_validators, tests/integration."
seller_solo_per_bid_charge_stage_binding,Sourcera_Master_Spec.md,68000,M.5.62 v7.2.0-REM Phase 5.7 Seller Onboarding Residual P1 addition (D-5.7-006 / -008 / -009 / -011 / -015 / -016 / -024 closure) {#m-5-62-v72rem-phase-5-7-seller-onboarding-residual-p1-addition},blocker,entitlement_billing_invariant,spec_binding_pending_pack_m11_3,m11_3,".github/workflows/deploy-validator.yml, .github/workflows/test-strategy.yml, convex/deploy_validators, tests/integration.","Runtime status is still spec_binding_pending_pack_m11_3; required artifact evidence not promoted. Checked: .github/workflows/deploy-validator.yml, .github/workflows/test-strategy.yml, convex/deploy_validators, tests/integration."
seller_onboarding_provider_outage_visible,Sourcera_Master_Spec.md,68004,M.5.62 v7.2.0-REM Phase 5.7 Seller Onboarding Residual P1 addition (D-5.7-006 / -008 / -009 / -011 / -015 / -016 / -024 closure) {#m-5-62-v72rem-phase-5-7-seller-onboarding-residual-p1-addition},blocker,observability_contract,spec_binding_pending_pack_m11_3,m11_3,".github/workflows/deploy-validator.yml, .github/workflows/test-strategy.yml, convex/deploy_validators, tests/integration.","Runtime status is still spec_binding_pending_pack_m11_3; required artifact evidence not promoted. Checked: .github/workflows/deploy-validator.yml, .github/workflows/test-strategy.yml, convex/deploy_validators, tests/integration."
seller_onboarding_stage3_abandonment_allowance_not_debited,Sourcera_Master_Spec.md,68005,M.5.62 v7.2.0-REM Phase 5.7 Seller Onboarding Residual P1 addition (D-5.7-006 / -008 / -009 / -011 / -015 / -016 / -024 closure) {#m-5-62-v72rem-phase-5-7-seller-onboarding-residual-p1-addition},blocker,entitlement_billing_invariant,spec_binding_pending_pack_m11_3,m11_3,".github/workflows/deploy-validator.yml, .github/workflows/test-strategy.yml, convex/deploy_validators, tests/integration.","Runtime status is still spec_binding_pending_pack_m11_3; required artifact evidence not promoted. Checked: .github/workflows/deploy-validator.yml, .github/workflows/test-strategy.yml, convex/deploy_validators, tests/integration."
audit_event_residency_partitioning_bound,Sourcera_Master_Spec.md,68024,M.5.63 v7.2.0-REM Phase 9.3 Residency P1 addition (D-RES-003 / -005 / -006 / -007 / -009 / -010 closure; D-RES-008 stale-status sync) {#m-5-63-v72rem-phase-9-3-residency-p1-addition},blocker,residency_integrity,spec_binding_pending_pack_m11_3,m11_3,".github/workflows/deploy-validator.yml, .github/workflows/test-strategy.yml, convex/deploy_validators, tests/integration.","Runtime status is still spec_binding_pending_pack_m11_3; required artifact evidence not promoted. Checked: .github/workflows/deploy-validator.yml, .github/workflows/test-strategy.yml, convex/deploy_validators, tests/integration."
dsar_export_delivery_residency_bound,Sourcera_Master_Spec.md,68025,M.5.63 v7.2.0-REM Phase 9.3 Residency P1 addition (D-RES-003 / -005 / -006 / -007 / -009 / -010 closure; D-RES-008 stale-status sync) {#m-5-63-v72rem-phase-9-3-residency-p1-addition},blocker,privacy_residency_invariant,spec_binding_pending_pack_m11_3,m11_3,".github/workflows/deploy-validator.yml, .github/workflows/test-strategy.yml, convex/deploy_validators, tests/integration.","Runtime status is still spec_binding_pending_pack_m11_3; required artifact evidence not promoted. Checked: .github/workflows/deploy-validator.yml, .github/workflows/test-strategy.yml, convex/deploy_validators, tests/integration."
observability_residency_routing_bound,Sourcera_Master_Spec.md,68026,M.5.63 v7.2.0-REM Phase 9.3 Residency P1 addition (D-RES-003 / -005 / -006 / -007 / -009 / -010 closure; D-RES-008 stale-status sync) {#m-5-63-v72rem-phase-9-3-residency-p1-addition},blocker,observability_contract,spec_binding_pending_pack_m11_3,m11_3,".github/workflows/deploy-validator.yml, .github/workflows/test-strategy.yml, convex/deploy_validators, tests/integration.","Runtime status is still spec_binding_pending_pack_m11_3; required artifact evidence not promoted. Checked: .github/workflows/deploy-validator.yml, .github/workflows/test-strategy.yml, convex/deploy_validators, tests/integration."
appendix_g_legacy_alias_retirement_enforced,Sourcera_Master_Spec.md,68040,M.5.64 v7.2.0-REM Phase 9.1 Appendix G Residual P1 addition (D-9.1-007 / -008 / -016 / -019 closure; D-9.1-002 adjacent P2 closure) {#m-5-64-v72rem-phase-9-1-appendix-g-residual-p1-addition},blocker,deprecation_contract,spec_binding_pending_pack_m02_3,m02_3,tools/spec-lint/gates/appendix_g_legacy_alias_retirement_enforced.ts.,Runtime status is still spec_binding_pending_pack_m02_3; required artifact evidence not promoted. Checked: tools/spec-lint/gates/appendix_g_legacy_alias_retirement_enforced.ts.
protected_asset_archive_state_canonical,Sourcera_Master_Spec.md,68056,M.5.65 v7.2.0-REM Phase 34.19 Residual Plan Upgrade / Downgrade P1 addition (D-34.19-006 / -007 / -009 / -010 / -018 closure; D-V7-004 / D-V7-009 overlap) {#m-5-65-v72rem-phase-34-19-residual-plan-upgrade-downgrade-p1-addition},blocker,retention_privacy_invariant,spec_binding_pending_pack_m02_3,m02_3,tools/spec-lint/gates/protected_asset_archive_state_canonical.ts.,Runtime status is still spec_binding_pending_pack_m02_3; required artifact evidence not promoted. Checked: tools/spec-lint/gates/protected_asset_archive_state_canonical.ts.
protected_asset_purge_guard,Sourcera_Master_Spec.md,68057,M.5.65 v7.2.0-REM Phase 34.19 Residual Plan Upgrade / Downgrade P1 addition (D-34.19-006 / -007 / -009 / -010 / -018 closure; D-V7-004 / D-V7-009 overlap) {#m-5-65-v72rem-phase-34-19-residual-plan-upgrade-downgrade-p1-addition},blocker,privacy_safety_invariant,spec_binding_pending_pack_m02_3,m02_3,tools/spec-lint/gates/protected_asset_purge_guard.ts.,Runtime status is still spec_binding_pending_pack_m02_3; required artifact evidence not promoted. Checked: tools/spec-lint/gates/protected_asset_purge_guard.ts.
integration_export_payload_allowlist,Sourcera_Master_Spec.md,68084,M.5.67 v7.2.0-REM Phase 8.2 Integration Export API P1 addition (D-8.2-019 closure) {#m-5-67-v72rem-phase-8-2-integration-export-api-p1-addition},blocker,privacy_firewall_invariant,spec_binding_pending_pack_m11_3,m11_3,".github/workflows/deploy-validator.yml, .github/workflows/test-strategy.yml, convex/deploy_validators, tests/integration.","Runtime status is still spec_binding_pending_pack_m11_3; required artifact evidence not promoted. Checked: .github/workflows/deploy-validator.yml, .github/workflows/test-strategy.yml, convex/deploy_validators, tests/integration."
cmek_rotation_runtime_evidence,Sourcera_Master_Spec.md,68111,M.5.69 v7.1.1 Full-Scope Capability Remediation addition (2026-07-07) {#m-5-69-v711-full-scope-capability-remediation-addition},blocker,runtime_property_test,spec_binding_pending_pack_m11_3,m11_3,".github/workflows/deploy-validator.yml, .github/workflows/test-strategy.yml, convex/deploy_validators, tests/integration.","Runtime status is still spec_binding_pending_pack_m11_3; required artifact evidence not promoted. Checked: .github/workflows/deploy-validator.yml, .github/workflows/test-strategy.yml, convex/deploy_validators, tests/integration."
field_encryption_plaintext_egress_guard,Sourcera_Master_Spec.md,68112,M.5.69 v7.1.1 Full-Scope Capability Remediation addition (2026-07-07) {#m-5-69-v711-full-scope-capability-remediation-addition},blocker,privacy_security_invariant,spec_binding_pending_pack_m11_3,m11_3,".github/workflows/deploy-validator.yml, .github/workflows/test-strategy.yml, convex/deploy_validators, tests/integration.","Runtime status is still spec_binding_pending_pack_m11_3; required artifact evidence not promoted. Checked: .github/workflows/deploy-validator.yml, .github/workflows/test-strategy.yml, convex/deploy_validators, tests/integration."
video_demo_transcript_pii_redaction,Sourcera_Master_Spec.md,68116,M.5.69 v7.1.1 Full-Scope Capability Remediation addition (2026-07-07) {#m-5-69-v711-full-scope-capability-remediation-addition},blocker,privacy_security_invariant,spec_binding_pending_pack_m21_3,m21_3,".github/workflows/marketplace-runtime.yml, convex/deploy_validators, tests/marketplace, tests/analytics.","Runtime status is still spec_binding_pending_pack_m21_3; required artifact evidence not promoted. Checked: .github/workflows/marketplace-runtime.yml, convex/deploy_validators, tests/marketplace, tests/analytics."
mobile_full_parity_closure,Sourcera_Master_Spec.md,68118,M.5.69 v7.1.1 Full-Scope Capability Remediation addition (2026-07-07) {#m-5-69-v711-full-scope-capability-remediation-addition},blocker,mobile_parity_consistency,spec_binding_pending_pack_m21_3,m21_3,".github/workflows/marketplace-runtime.yml, convex/deploy_validators, tests/marketplace, tests/analytics.","Runtime status is still spec_binding_pending_pack_m21_3; required artifact evidence not promoted. Checked: .github/workflows/marketplace-runtime.yml, convex/deploy_validators, tests/marketplace, tests/analytics."
