"gate_id","line","table","row_class","runtime_status","owning_pack","checked_artifact","message"
"solo_deadline_countdown_renders_in_user_timezone","66807","","","spec_binding_pending_pack_m11_3","m11_3",".github/workflows/deploy-validator.yml, .github/workflows/test-strategy.yml, convex/deploy_validators, tests/integration","Runtime status is still spec_binding_pending_pack_m11_3; required artifact evidence not promoted. Checked: .github/workflows/deploy-validator.yml, .github/workflows/test-strategy.yml, convex/deploy_validators, tests/integration."
"solo_mode_team_to_solo_blocked_with_stakeholders","66808","","","spec_binding_pending_pack_m11_3","m11_3",".github/workflows/deploy-validator.yml, .github/workflows/test-strategy.yml, convex/deploy_validators, tests/integration","Runtime status is still spec_binding_pending_pack_m11_3; required artifact evidence not promoted. Checked: .github/workflows/deploy-validator.yml, .github/workflows/test-strategy.yml, convex/deploy_validators, tests/integration."
"solo_mode_chip_ribbon_suppression_buyer","66809","","","spec_binding_pending_pack_m11_3","m11_3",".github/workflows/deploy-validator.yml, .github/workflows/test-strategy.yml, convex/deploy_validators, tests/integration","Runtime status is still spec_binding_pending_pack_m11_3; required artifact evidence not promoted. Checked: .github/workflows/deploy-validator.yml, .github/workflows/test-strategy.yml, convex/deploy_validators, tests/integration."
"console_bridge_no_defense_view_event_kinds","66811","","","spec_binding_pending_pack_m11_3","m11_3",".github/workflows/deploy-validator.yml, .github/workflows/test-strategy.yml, convex/deploy_validators, tests/integration","Runtime status is still spec_binding_pending_pack_m11_3; required artifact evidence not promoted. Checked: .github/workflows/deploy-validator.yml, .github/workflows/test-strategy.yml, convex/deploy_validators, tests/integration."
"webhook_payload_no_selection_record_body","66812","","","spec_binding_pending_pack_m11_3","m11_3",".github/workflows/deploy-validator.yml, .github/workflows/test-strategy.yml, convex/deploy_validators, tests/integration","Runtime status is still spec_binding_pending_pack_m11_3; required artifact evidence not promoted. Checked: .github/workflows/deploy-validator.yml, .github/workflows/test-strategy.yml, convex/deploy_validators, tests/integration."
"defense_view_regeneration_throttle_5min","66814","","","spec_binding_pending_pack_m11_3","m11_3",".github/workflows/deploy-validator.yml, .github/workflows/test-strategy.yml, convex/deploy_validators, tests/integration","Runtime status is still spec_binding_pending_pack_m11_3; required artifact evidence not promoted. Checked: .github/workflows/deploy-validator.yml, .github/workflows/test-strategy.yml, convex/deploy_validators, tests/integration."
"pipeline_surface_compression_seller_always_compressed","66820","","","spec_binding_pending_pack_m11_3","m11_3",".github/workflows/deploy-validator.yml, .github/workflows/test-strategy.yml, convex/deploy_validators, tests/integration","Runtime status is still spec_binding_pending_pack_m11_3; required artifact evidence not promoted. Checked: .github/workflows/deploy-validator.yml, .github/workflows/test-strategy.yml, convex/deploy_validators, tests/integration."
"pipeline_surface_compression_soft_gate_solo_only","66821","","","spec_binding_pending_pack_m11_3","m11_3",".github/workflows/deploy-validator.yml, .github/workflows/test-strategy.yml, convex/deploy_validators, tests/integration","Runtime status is still spec_binding_pending_pack_m11_3; required artifact evidence not promoted. Checked: .github/workflows/deploy-validator.yml, .github/workflows/test-strategy.yml, convex/deploy_validators, tests/integration."
"seller_maya_solo_free_copy_string_lint","66830","","","spec_binding_pending_pack_m11_3","m11_3",".github/workflows/deploy-validator.yml, .github/workflows/test-strategy.yml, convex/deploy_validators, tests/integration","Runtime status is still spec_binding_pending_pack_m11_3; required artifact evidence not promoted. Checked: .github/workflows/deploy-validator.yml, .github/workflows/test-strategy.yml, convex/deploy_validators, tests/integration."
"seller_maya_chip_list_auto_publish_state_machine","66831","","","spec_binding_pending_pack_m11_3","m11_3",".github/workflows/deploy-validator.yml, .github/workflows/test-strategy.yml, convex/deploy_validators, tests/integration","Runtime status is still spec_binding_pending_pack_m11_3; required artifact evidence not promoted. Checked: .github/workflows/deploy-validator.yml, .github/workflows/test-strategy.yml, convex/deploy_validators, tests/integration."
"seller_maya_match_score_three_label_compression","66832","","","spec_binding_pending_pack_m11_3","m11_3",".github/workflows/deploy-validator.yml, .github/workflows/test-strategy.yml, convex/deploy_validators, tests/integration","Runtime status is still spec_binding_pending_pack_m11_3; required artifact evidence not promoted. Checked: .github/workflows/deploy-validator.yml, .github/workflows/test-strategy.yml, convex/deploy_validators, tests/integration."
"solo_charge_kind_registered","66835","","","spec_binding_pending_pack_m24_3","m24_3",".github/workflows/billing-runtime.yml, tests/billing, convex/deploy_validators","Runtime status is still spec_binding_pending_pack_m24_3; required artifact evidence not promoted. Checked: .github/workflows/billing-runtime.yml, tests/billing, convex/deploy_validators."
"solo_dual_console_independent_invoicing","66836","","","spec_binding_pending_pack_m11_3","m11_3",".github/workflows/deploy-validator.yml, .github/workflows/test-strategy.yml, convex/deploy_validators, tests/integration","Runtime status is still spec_binding_pending_pack_m11_3; required artifact evidence not promoted. Checked: .github/workflows/deploy-validator.yml, .github/workflows/test-strategy.yml, convex/deploy_validators, tests/integration."
"solo_plan_change_console_isolation","66837","","","spec_binding_pending_pack_m11_3","m11_3",".github/workflows/deploy-validator.yml, .github/workflows/test-strategy.yml, convex/deploy_validators, tests/integration","Runtime status is still spec_binding_pending_pack_m11_3; required artifact evidence not promoted. Checked: .github/workflows/deploy-validator.yml, .github/workflows/test-strategy.yml, convex/deploy_validators, tests/integration."
"aiwallet_response_excludes_solo_envelope","66838","","","spec_binding_pending_pack_m11_3","m11_3",".github/workflows/deploy-validator.yml, .github/workflows/test-strategy.yml, convex/deploy_validators, tests/integration","Runtime status is still spec_binding_pending_pack_m11_3; required artifact evidence not promoted. Checked: .github/workflows/deploy-validator.yml, .github/workflows/test-strategy.yml, convex/deploy_validators, tests/integration."
"solo_subscription_blocks_per_charge","66839","","","spec_binding_pending_pack_m11_3","m11_3",".github/workflows/deploy-validator.yml, .github/workflows/test-strategy.yml, convex/deploy_validators, tests/integration","Runtime status is still spec_binding_pending_pack_m11_3; required artifact evidence not promoted. Checked: .github/workflows/deploy-validator.yml, .github/workflows/test-strategy.yml, convex/deploy_validators, tests/integration."
"solo_engine_metering_parity","66842","","","spec_binding_pending_pack_m11_3","m11_3",".github/workflows/deploy-validator.yml, .github/workflows/test-strategy.yml, convex/deploy_validators, tests/integration","Runtime status is still spec_binding_pending_pack_m11_3; required artifact evidence not promoted. Checked: .github/workflows/deploy-validator.yml, .github/workflows/test-strategy.yml, convex/deploy_validators, tests/integration."
"solo_telemetry_no_customer_routing","66843","","","spec_binding_pending_pack_m11_3","m11_3",".github/workflows/deploy-validator.yml, .github/workflows/test-strategy.yml, convex/deploy_validators, tests/integration","Runtime status is still spec_binding_pending_pack_m11_3; required artifact evidence not promoted. Checked: .github/workflows/deploy-validator.yml, .github/workflows/test-strategy.yml, convex/deploy_validators, tests/integration."
"solo_throttling_class_change_takes_effect_at_next_envelope_rollover","66846","","","spec_binding_pending_pack_m11_3","m11_3",".github/workflows/deploy-validator.yml, .github/workflows/test-strategy.yml, convex/deploy_validators, tests/integration","Runtime status is still spec_binding_pending_pack_m11_3; required artifact evidence not promoted. Checked: .github/workflows/deploy-validator.yml, .github/workflows/test-strategy.yml, convex/deploy_validators, tests/integration."
"solo_envelope_per_console_isolation","66847","","","spec_binding_pending_pack_m11_3","m11_3",".github/workflows/deploy-validator.yml, .github/workflows/test-strategy.yml, convex/deploy_validators, tests/integration","Runtime status is still spec_binding_pending_pack_m11_3; required artifact evidence not promoted. Checked: .github/workflows/deploy-validator.yml, .github/workflows/test-strategy.yml, convex/deploy_validators, tests/integration."
"solo_envelope_throttling_targets_low_priority_background_only","66849","","","spec_binding_pending_pack_m11_3","m11_3",".github/workflows/deploy-validator.yml, .github/workflows/test-strategy.yml, convex/deploy_validators, tests/integration","Runtime status is still spec_binding_pending_pack_m11_3; required artifact evidence not promoted. Checked: .github/workflows/deploy-validator.yml, .github/workflows/test-strategy.yml, convex/deploy_validators, tests/integration."
"console_isolation_violation_no_data_path_use","66860","","","spec_binding_pending_pack_m11_3","m11_3",".github/workflows/deploy-validator.yml, .github/workflows/test-strategy.yml, convex/deploy_validators, tests/integration","Runtime status is still spec_binding_pending_pack_m11_3; required artifact evidence not promoted. Checked: .github/workflows/deploy-validator.yml, .github/workflows/test-strategy.yml, convex/deploy_validators, tests/integration."
"vendor_opt_out_capability_layer_enforcement","66861","","","spec_binding_pending_pack_m11_3","m11_3",".github/workflows/deploy-validator.yml, .github/workflows/test-strategy.yml, convex/deploy_validators, tests/integration","Runtime status is still spec_binding_pending_pack_m11_3; required artifact evidence not promoted. Checked: .github/workflows/deploy-validator.yml, .github/workflows/test-strategy.yml, convex/deploy_validators, tests/integration."
"audit_event_hash_chain_full_corpus_coverage","66897","","","spec_binding_pending_pack_m21_3","m21_3",".github/workflows/marketplace-runtime.yml, convex/deploy_validators, tests/marketplace, tests/analytics","Runtime status is still spec_binding_pending_pack_m21_3; required artifact evidence not promoted. Checked: .github/workflows/marketplace-runtime.yml, convex/deploy_validators, tests/marketplace, tests/analytics."
"audit_event_break_glass_integrity_scan_triggered","66898","","","spec_binding_pending_pack_m21_3","m21_3",".github/workflows/marketplace-runtime.yml, convex/deploy_validators, tests/marketplace, tests/analytics","Runtime status is still spec_binding_pending_pack_m21_3; required artifact evidence not promoted. Checked: .github/workflows/marketplace-runtime.yml, convex/deploy_validators, tests/marketplace, tests/analytics."
"auth_audit_event_emission_completeness","66899","","","spec_binding_pending_pack_m11_3","m11_3",".github/workflows/deploy-validator.yml, .github/workflows/test-strategy.yml, convex/deploy_validators, tests/integration","Runtime status is still spec_binding_pending_pack_m11_3; required artifact evidence not promoted. Checked: .github/workflows/deploy-validator.yml, .github/workflows/test-strategy.yml, convex/deploy_validators, tests/integration."
"dsar_cascade_residency_partition_isolation","66900","","","spec_binding_pending_pack_m02_3","m02_3","tools/spec-lint/gates/dsar_cascade_residency_partition_isolation.ts","Runtime status is still spec_binding_pending_pack_m02_3; required artifact evidence not promoted. Checked: tools/spec-lint/gates/dsar_cascade_residency_partition_isolation.ts."
"dsar_manifestly_unfounded_rejection_audit_emission","66905","","","spec_binding_pending_pack_m11_3","m11_3",".github/workflows/deploy-validator.yml, .github/workflows/test-strategy.yml, convex/deploy_validators, tests/integration","Runtime status is still spec_binding_pending_pack_m11_3; required artifact evidence not promoted. Checked: .github/workflows/deploy-validator.yml, .github/workflows/test-strategy.yml, convex/deploy_validators, tests/integration."
"cross_org_guest_sso_bypass_blocked","66906","","","spec_binding_pending_pack_m11_3","m11_3",".github/workflows/deploy-validator.yml, .github/workflows/test-strategy.yml, convex/deploy_validators, tests/integration","Runtime status is still spec_binding_pending_pack_m11_3; required artifact evidence not promoted. Checked: .github/workflows/deploy-validator.yml, .github/workflows/test-strategy.yml, convex/deploy_validators, tests/integration."
"workos_raw_attributes_not_consumed","66915","","","spec_binding_pending_pack_m02_3","m02_3","tools/spec-lint/gates/workos_raw_attributes_not_consumed.ts","Runtime status is still spec_binding_pending_pack_m02_3; required artifact evidence not promoted. Checked: tools/spec-lint/gates/workos_raw_attributes_not_consumed.ts."
"workos_predefined_attributes_consumed","66916","","","spec_binding_pending_pack_m11_3","m11_3",".github/workflows/deploy-validator.yml, .github/workflows/test-strategy.yml, convex/deploy_validators, tests/integration","Runtime status is still spec_binding_pending_pack_m11_3; required artifact evidence not promoted. Checked: .github/workflows/deploy-validator.yml, .github/workflows/test-strategy.yml, convex/deploy_validators, tests/integration."
"workos_groups_api_membership_consistency","66917","","","spec_binding_pending_pack_m11_3","m11_3",".github/workflows/deploy-validator.yml, .github/workflows/test-strategy.yml, convex/deploy_validators, tests/integration","Runtime status is still spec_binding_pending_pack_m11_3; required artifact evidence not promoted. Checked: .github/workflows/deploy-validator.yml, .github/workflows/test-strategy.yml, convex/deploy_validators, tests/integration."
"workos_directory_group_role_assignment_precedence","66918","","","spec_binding_pending_pack_m11_3","m11_3",".github/workflows/deploy-validator.yml, .github/workflows/test-strategy.yml, convex/deploy_validators, tests/integration","Runtime status is still spec_binding_pending_pack_m11_3; required artifact evidence not promoted. Checked: .github/workflows/deploy-validator.yml, .github/workflows/test-strategy.yml, convex/deploy_validators, tests/integration."
"dsar_cascade_aggregate_recompute_synchronous","66925","","","spec_binding_pending_pack_m11_3","m11_3",".github/workflows/deploy-validator.yml, .github/workflows/test-strategy.yml, convex/deploy_validators, tests/integration","Runtime status is still spec_binding_pending_pack_m11_3; required artifact evidence not promoted. Checked: .github/workflows/deploy-validator.yml, .github/workflows/test-strategy.yml, convex/deploy_validators, tests/integration."
"dsar_cascade_aggregate_recompute_suppression_completeness","66926","","","spec_binding_pending_pack_m11_3","m11_3",".github/workflows/deploy-validator.yml, .github/workflows/test-strategy.yml, convex/deploy_validators, tests/integration","Runtime status is still spec_binding_pending_pack_m11_3; required artifact evidence not promoted. Checked: .github/workflows/deploy-validator.yml, .github/workflows/test-strategy.yml, convex/deploy_validators, tests/integration."
"dsar_cascade_aggregate_recompute_backstop_drift","66927","","","spec_binding_pending_pack_m21_3","m21_3",".github/workflows/marketplace-runtime.yml, convex/deploy_validators, tests/marketplace, tests/analytics","Runtime status is still spec_binding_pending_pack_m21_3; required artifact evidence not promoted. Checked: .github/workflows/marketplace-runtime.yml, convex/deploy_validators, tests/marketplace, tests/analytics."
"dsar_cascade_bridge_payload_body_pii_sweep_completeness","66928","","","spec_binding_pending_pack_m11_3","m11_3",".github/workflows/deploy-validator.yml, .github/workflows/test-strategy.yml, convex/deploy_validators, tests/integration","Runtime status is still spec_binding_pending_pack_m11_3; required artifact evidence not promoted. Checked: .github/workflows/deploy-validator.yml, .github/workflows/test-strategy.yml, convex/deploy_validators, tests/integration."
"dsar_cascade_bridge_redaction_hash_recompute","66929","","","spec_binding_pending_pack_m11_3","m11_3",".github/workflows/deploy-validator.yml, .github/workflows/test-strategy.yml, convex/deploy_validators, tests/integration","Runtime status is still spec_binding_pending_pack_m11_3; required artifact evidence not promoted. Checked: .github/workflows/deploy-validator.yml, .github/workflows/test-strategy.yml, convex/deploy_validators, tests/integration."
"bridge_payload_body_pii_sweep_buyer_seller_parity","66931","","","spec_binding_pending_pack_m11_3","m11_3",".github/workflows/deploy-validator.yml, .github/workflows/test-strategy.yml, convex/deploy_validators, tests/integration","Runtime status is still spec_binding_pending_pack_m11_3; required artifact evidence not promoted. Checked: .github/workflows/deploy-validator.yml, .github/workflows/test-strategy.yml, convex/deploy_validators, tests/integration."
"dsar_cascade_partial_failure_pagerduty_sla","66932","","","spec_binding_pending_pack_m11_3","m11_3",".github/workflows/deploy-validator.yml, .github/workflows/test-strategy.yml, convex/deploy_validators, tests/integration","Runtime status is still spec_binding_pending_pack_m11_3; required artifact evidence not promoted. Checked: .github/workflows/deploy-validator.yml, .github/workflows/test-strategy.yml, convex/deploy_validators, tests/integration."
"dsar_cascade_partial_failure_resume_sla_24h","66933","","","spec_binding_pending_pack_m11_3","m11_3",".github/workflows/deploy-validator.yml, .github/workflows/test-strategy.yml, convex/deploy_validators, tests/integration","Runtime status is still spec_binding_pending_pack_m11_3; required artifact evidence not promoted. Checked: .github/workflows/deploy-validator.yml, .github/workflows/test-strategy.yml, convex/deploy_validators, tests/integration."
"dsar_cascade_statutory_ceiling_auto_escalation","66934","","","spec_binding_pending_pack_m11_3","m11_3",".github/workflows/deploy-validator.yml, .github/workflows/test-strategy.yml, convex/deploy_validators, tests/integration","Runtime status is still spec_binding_pending_pack_m11_3; required artifact evidence not promoted. Checked: .github/workflows/deploy-validator.yml, .github/workflows/test-strategy.yml, convex/deploy_validators, tests/integration."
"dsar_cascade_pseudonym_epoch_consistency","66936","","","spec_binding_pending_pack_m11_3","m11_3",".github/workflows/deploy-validator.yml, .github/workflows/test-strategy.yml, convex/deploy_validators, tests/integration","Runtime status is still spec_binding_pending_pack_m11_3; required artifact evidence not promoted. Checked: .github/workflows/deploy-validator.yml, .github/workflows/test-strategy.yml, convex/deploy_validators, tests/integration."
"dr_failover_residency_bound","66937","","","spec_binding_pending_pack_m21_3","m21_3",".github/workflows/marketplace-runtime.yml, convex/deploy_validators, tests/marketplace, tests/analytics","Runtime status is still spec_binding_pending_pack_m21_3; required artifact evidence not promoted. Checked: .github/workflows/marketplace-runtime.yml, convex/deploy_validators, tests/marketplace, tests/analytics."
"dns_failover_target_residency_match","66938","","","spec_binding_pending_pack_m21_3","m21_3",".github/workflows/marketplace-runtime.yml, convex/deploy_validators, tests/marketplace, tests/analytics","Runtime status is still spec_binding_pending_pack_m21_3; required artifact evidence not promoted. Checked: .github/workflows/marketplace-runtime.yml, convex/deploy_validators, tests/marketplace, tests/analytics."
"dr_failover_no_cross_residency","66939","","","spec_binding_pending_pack_m21_3","m21_3",".github/workflows/marketplace-runtime.yml, convex/deploy_validators, tests/marketplace, tests/analytics","Runtime status is still spec_binding_pending_pack_m21_3; required artifact evidence not promoted. Checked: .github/workflows/marketplace-runtime.yml, convex/deploy_validators, tests/marketplace, tests/analytics."
"dr_restore_test_residency_partition","66940","","","spec_binding_pending_pack_m21_3","m21_3",".github/workflows/marketplace-runtime.yml, convex/deploy_validators, tests/marketplace, tests/analytics","Runtime status is still spec_binding_pending_pack_m21_3; required artifact evidence not promoted. Checked: .github/workflows/marketplace-runtime.yml, convex/deploy_validators, tests/marketplace, tests/analytics."
"dr_game_day_overdue","66941","","","spec_binding_pending_pack_m21_3","m21_3",".github/workflows/marketplace-runtime.yml, convex/deploy_validators, tests/marketplace, tests/analytics","Runtime status is still spec_binding_pending_pack_m21_3; required artifact evidence not promoted. Checked: .github/workflows/marketplace-runtime.yml, convex/deploy_validators, tests/marketplace, tests/analytics."
"backup_residency_partition_isolation","66942","","","spec_binding_pending_pack_m21_3","m21_3",".github/workflows/marketplace-runtime.yml, convex/deploy_validators, tests/marketplace, tests/analytics","Runtime status is still spec_binding_pending_pack_m21_3; required artifact evidence not promoted. Checked: .github/workflows/marketplace-runtime.yml, convex/deploy_validators, tests/marketplace, tests/analytics."
"s3_replication_policy_residency_bound","66943","","","spec_binding_pending_pack_m21_3","m21_3",".github/workflows/marketplace-runtime.yml, convex/deploy_validators, tests/marketplace, tests/analytics","Runtime status is still spec_binding_pending_pack_m21_3; required artifact evidence not promoted. Checked: .github/workflows/marketplace-runtime.yml, convex/deploy_validators, tests/marketplace, tests/analytics."
"s3_cross_region_replica_dpa_approval_required","66944","","","spec_binding_pending_pack_m21_3","m21_3",".github/workflows/marketplace-runtime.yml, convex/deploy_validators, tests/marketplace, tests/analytics","Runtime status is still spec_binding_pending_pack_m21_3; required artifact evidence not promoted. Checked: .github/workflows/marketplace-runtime.yml, convex/deploy_validators, tests/marketplace, tests/analytics."
"backup_dsar_repseudonymization_completeness","66945","","","spec_binding_pending_pack_m21_3","m21_3",".github/workflows/marketplace-runtime.yml, convex/deploy_validators, tests/marketplace, tests/analytics","Runtime status is still spec_binding_pending_pack_m21_3; required artifact evidence not promoted. Checked: .github/workflows/marketplace-runtime.yml, convex/deploy_validators, tests/marketplace, tests/analytics."
"dsar_excluded_snapshot_restore_blocked","66946","","","spec_binding_pending_pack_m21_3","m21_3",".github/workflows/marketplace-runtime.yml, convex/deploy_validators, tests/marketplace, tests/analytics","Runtime status is still spec_binding_pending_pack_m21_3; required artifact evidence not promoted. Checked: .github/workflows/marketplace-runtime.yml, convex/deploy_validators, tests/marketplace, tests/analytics."
"snapshot_catalog_residency_partition","66947","","","spec_binding_pending_pack_m21_3","m21_3",".github/workflows/marketplace-runtime.yml, convex/deploy_validators, tests/marketplace, tests/analytics","Runtime status is still spec_binding_pending_pack_m21_3; required artifact evidence not promoted. Checked: .github/workflows/marketplace-runtime.yml, convex/deploy_validators, tests/marketplace, tests/analytics."
"attachment_dsar_72h_binary_detach_sla","66948","","","spec_binding_pending_pack_m11_3","m11_3",".github/workflows/deploy-validator.yml, .github/workflows/test-strategy.yml, convex/deploy_validators, tests/integration","Runtime status is still spec_binding_pending_pack_m11_3; required artifact evidence not promoted. Checked: .github/workflows/deploy-validator.yml, .github/workflows/test-strategy.yml, convex/deploy_validators, tests/integration."
"cost_base_recalc_notice_window_trajectory_gate","66957","","","spec_binding_pending_pack_m11_3","m11_3",".github/workflows/deploy-validator.yml, .github/workflows/test-strategy.yml, convex/deploy_validators, tests/integration","Runtime status is still spec_binding_pending_pack_m11_3; required artifact evidence not promoted. Checked: .github/workflows/deploy-validator.yml, .github/workflows/test-strategy.yml, convex/deploy_validators, tests/integration."
"kb_bootstrap_per_org_concurrency_lock_active","66960","","","spec_binding_pending_pack_m11_3","m11_3",".github/workflows/deploy-validator.yml, .github/workflows/test-strategy.yml, convex/deploy_validators, tests/integration","Runtime status is still spec_binding_pending_pack_m11_3; required artifact evidence not promoted. Checked: .github/workflows/deploy-validator.yml, .github/workflows/test-strategy.yml, convex/deploy_validators, tests/integration."
"bid_disqualification_cascade_active","66961","","","spec_binding_pending_pack_m11_3","m11_3",".github/workflows/deploy-validator.yml, .github/workflows/test-strategy.yml, convex/deploy_validators, tests/integration","Runtime status is still spec_binding_pending_pack_m11_3; required artifact evidence not promoted. Checked: .github/workflows/deploy-validator.yml, .github/workflows/test-strategy.yml, convex/deploy_validators, tests/integration."
"wallet_read_role_gate_scope","66962","","","spec_binding_pending_pack_m11_3","m11_3",".github/workflows/deploy-validator.yml, .github/workflows/test-strategy.yml, convex/deploy_validators, tests/integration","Runtime status is still spec_binding_pending_pack_m11_3; required artifact evidence not promoted. Checked: .github/workflows/deploy-validator.yml, .github/workflows/test-strategy.yml, convex/deploy_validators, tests/integration."
"committed_spend_single_pool_invariant","66963","","","spec_binding_pending_pack_m24_3","m24_3",".github/workflows/billing-runtime.yml, tests/billing, convex/deploy_validators","Runtime status is still spec_binding_pending_pack_m24_3; required artifact evidence not promoted. Checked: .github/workflows/billing-runtime.yml, tests/billing, convex/deploy_validators."
"committed_spend_single_auto_renew_invariant","66964","","","spec_binding_pending_pack_m24_3","m24_3",".github/workflows/billing-runtime.yml, tests/billing, convex/deploy_validators","Runtime status is still spec_binding_pending_pack_m24_3; required artifact evidence not promoted. Checked: .github/workflows/billing-runtime.yml, tests/billing, convex/deploy_validators."
"committed_spend_console_scope_consistency","66965","","","spec_binding_pending_pack_m24_3","m24_3",".github/workflows/billing-runtime.yml, tests/billing, convex/deploy_validators","Runtime status is still spec_binding_pending_pack_m24_3; required artifact evidence not promoted. Checked: .github/workflows/billing-runtime.yml, tests/billing, convex/deploy_validators."
"accessibility_settings_preference_contract","66977","","","spec_binding_pending_pack_m11_3","m11_3",".github/workflows/deploy-validator.yml, .github/workflows/test-strategy.yml, convex/deploy_validators, tests/integration","Runtime status is still spec_binding_pending_pack_m11_3; required artifact evidence not promoted. Checked: .github/workflows/deploy-validator.yml, .github/workflows/test-strategy.yml, convex/deploy_validators, tests/integration."
"no_hardcoded_directional_css","66980","","","spec_binding_pending_pack_m02_3","m02_3","tools/spec-lint/gates/no_hardcoded_directional_css.ts","Runtime status is still spec_binding_pending_pack_m02_3; required artifact evidence not promoted. Checked: tools/spec-lint/gates/no_hardcoded_directional_css.ts."
"rtl_directionality_runtime_contract","66981","","","spec_binding_pending_pack_m11_3","m11_3",".github/workflows/deploy-validator.yml, .github/workflows/test-strategy.yml, convex/deploy_validators, tests/integration","Runtime status is still spec_binding_pending_pack_m11_3; required artifact evidence not promoted. Checked: .github/workflows/deploy-validator.yml, .github/workflows/test-strategy.yml, convex/deploy_validators, tests/integration."
"locale_resolution_engine_contract","66982","","","spec_binding_pending_pack_m11_3","m11_3",".github/workflows/deploy-validator.yml, .github/workflows/test-strategy.yml, convex/deploy_validators, tests/integration","Runtime status is still spec_binding_pending_pack_m11_3; required artifact evidence not promoted. Checked: .github/workflows/deploy-validator.yml, .github/workflows/test-strategy.yml, convex/deploy_validators, tests/integration."
"workspace_pulse_health_persistence_contract","66987","","","spec_binding_pending_pack_m11_3","m11_3",".github/workflows/deploy-validator.yml, .github/workflows/test-strategy.yml, convex/deploy_validators, tests/integration","Runtime status is still spec_binding_pending_pack_m11_3; required artifact evidence not promoted. Checked: .github/workflows/deploy-validator.yml, .github/workflows/test-strategy.yml, convex/deploy_validators, tests/integration."
"seller_pulse_surface_engine_mapping","66991","","","spec_binding_pending_pack_m11_3","m11_3",".github/workflows/deploy-validator.yml, .github/workflows/test-strategy.yml, convex/deploy_validators, tests/integration","Runtime status is still spec_binding_pending_pack_m11_3; required artifact evidence not promoted. Checked: .github/workflows/deploy-validator.yml, .github/workflows/test-strategy.yml, convex/deploy_validators, tests/integration."
"firecrawl_outage_progress_line_substitution","67144","","","spec_binding_pending_pack_m02_3","m02_3","tools/spec-lint/gates/firecrawl_outage_progress_line_substitution.ts","Runtime status is still spec_binding_pending_pack_m02_3; required artifact evidence not promoted. Checked: tools/spec-lint/gates/firecrawl_outage_progress_line_substitution.ts."
"kb_bootstrap_allowance_compensation_completeness","67145","","","spec_binding_pending_pack_m02_3","m02_3","tools/spec-lint/gates/kb_bootstrap_allowance_compensation_completeness.ts","Runtime status is still spec_binding_pending_pack_m02_3; required artifact evidence not promoted. Checked: tools/spec-lint/gates/kb_bootstrap_allowance_compensation_completeness.ts."
"buyer_activation_metric_canonical_consumer","67146","","","spec_binding_pending_pack_m21_3","m21_3",".github/workflows/marketplace-runtime.yml, convex/deploy_validators, tests/marketplace, tests/analytics","Runtime status is still spec_binding_pending_pack_m21_3; required artifact evidence not promoted. Checked: .github/workflows/marketplace-runtime.yml, convex/deploy_validators, tests/marketplace, tests/analytics."
"usage_dashboard_plan_gating_canonical_6_tier_consumer","67149","","","spec_binding_pending_pack_m21_3","m21_3",".github/workflows/marketplace-runtime.yml, convex/deploy_validators, tests/marketplace, tests/analytics","Runtime status is still spec_binding_pending_pack_m21_3; required artifact evidence not promoted. Checked: .github/workflows/marketplace-runtime.yml, convex/deploy_validators, tests/marketplace, tests/analytics."
"m16_same_domain_enforcement_dual_point_canonical","67152","","","spec_binding_pending_pack_m02_3","m02_3","tools/spec-lint/gates/m16_same_domain_enforcement_dual_point_canonical.ts","Runtime status is still spec_binding_pending_pack_m02_3; required artifact evidence not promoted. Checked: tools/spec-lint/gates/m16_same_domain_enforcement_dual_point_canonical.ts."
"solo_tier_buyer_hero_moment_slo_single_source","67159","","","spec_binding_pending_pack_m21_3","m21_3",".github/workflows/marketplace-runtime.yml, convex/deploy_validators, tests/marketplace, tests/analytics","Runtime status is still spec_binding_pending_pack_m21_3; required artifact evidence not promoted. Checked: .github/workflows/marketplace-runtime.yml, convex/deploy_validators, tests/marketplace, tests/analytics."
"dsar_erased_seller_excluded_from_recovery_cadence","67161","","","spec_binding_pending_pack_m02_3","m02_3","tools/spec-lint/gates/dsar_erased_seller_excluded_from_recovery_cadence.ts","Runtime status is still spec_binding_pending_pack_m02_3; required artifact evidence not promoted. Checked: tools/spec-lint/gates/dsar_erased_seller_excluded_from_recovery_cadence.ts."
"dsar_erased_buyer_excluded_from_recovery_cadence","67162","","","spec_binding_pending_pack_m21_3","m21_3",".github/workflows/marketplace-runtime.yml, convex/deploy_validators, tests/marketplace, tests/analytics","Runtime status is still spec_binding_pending_pack_m21_3; required artifact evidence not promoted. Checked: .github/workflows/marketplace-runtime.yml, convex/deploy_validators, tests/marketplace, tests/analytics."
"network_effects_dashboard_outage_render_contract","67165","","","spec_binding_pending_pack_m02_3","m02_3","tools/spec-lint/gates/network_effects_dashboard_outage_render_contract.ts","Runtime status is still spec_binding_pending_pack_m02_3; required artifact evidence not promoted. Checked: tools/spec-lint/gates/network_effects_dashboard_outage_render_contract.ts."
"network_effects_residency_partition_canonical_consumer","67166","","","spec_binding_pending_pack_m21_3","m21_3",".github/workflows/marketplace-runtime.yml, convex/deploy_validators, tests/marketplace, tests/analytics","Runtime status is still spec_binding_pending_pack_m21_3; required artifact evidence not promoted. Checked: .github/workflows/marketplace-runtime.yml, convex/deploy_validators, tests/marketplace, tests/analytics."
"entitlement_matrix_registry_binding_completeness","67199","","","spec_binding_pending_pack_m11_3","m11_3",".github/workflows/deploy-validator.yml, .github/workflows/test-strategy.yml, convex/deploy_validators, tests/integration","Runtime status is still spec_binding_pending_pack_m11_3; required artifact evidence not promoted. Checked: .github/workflows/deploy-validator.yml, .github/workflows/test-strategy.yml, convex/deploy_validators, tests/integration."
"qa_suggestion_family_cardinality","67200","","","spec_binding_pending_pack_m11_3","m11_3",".github/workflows/deploy-validator.yml, .github/workflows/test-strategy.yml, convex/deploy_validators, tests/integration","Runtime status is still spec_binding_pending_pack_m11_3; required artifact evidence not promoted. Checked: .github/workflows/deploy-validator.yml, .github/workflows/test-strategy.yml, convex/deploy_validators, tests/integration."
"qa_suggestion_family_outcome_contract_isolation","67201","","","spec_binding_pending_pack_m11_3","m11_3",".github/workflows/deploy-validator.yml, .github/workflows/test-strategy.yml, convex/deploy_validators, tests/integration","Runtime status is still spec_binding_pending_pack_m11_3; required artifact evidence not promoted. Checked: .github/workflows/deploy-validator.yml, .github/workflows/test-strategy.yml, convex/deploy_validators, tests/integration."
"kb_suggestion_family_cardinality","67227","","","spec_binding_pending_pack_m11_3","m11_3",".github/workflows/deploy-validator.yml, .github/workflows/test-strategy.yml, convex/deploy_validators, tests/integration","Runtime status is still spec_binding_pending_pack_m11_3; required artifact evidence not promoted. Checked: .github/workflows/deploy-validator.yml, .github/workflows/test-strategy.yml, convex/deploy_validators, tests/integration."
"kb_suggestion_family_outcome_contract_isolation","67228","","","spec_binding_pending_pack_m11_3","m11_3",".github/workflows/deploy-validator.yml, .github/workflows/test-strategy.yml, convex/deploy_validators, tests/integration","Runtime status is still spec_binding_pending_pack_m11_3; required artifact evidence not promoted. Checked: .github/workflows/deploy-validator.yml, .github/workflows/test-strategy.yml, convex/deploy_validators, tests/integration."
"kb_suggestion_alias_console_resolution_integrity","67229","","","spec_binding_pending_pack_m11_3","m11_3",".github/workflows/deploy-validator.yml, .github/workflows/test-strategy.yml, convex/deploy_validators, tests/integration","Runtime status is still spec_binding_pending_pack_m11_3; required artifact evidence not promoted. Checked: .github/workflows/deploy-validator.yml, .github/workflows/test-strategy.yml, convex/deploy_validators, tests/integration."
"first_pass_rfp_draft_outcome_contract_isolation","67253","","","spec_binding_pending_pack_m11_3","m11_3",".github/workflows/deploy-validator.yml, .github/workflows/test-strategy.yml, convex/deploy_validators, tests/integration","Runtime status is still spec_binding_pending_pack_m11_3; required artifact evidence not promoted. Checked: .github/workflows/deploy-validator.yml, .github/workflows/test-strategy.yml, convex/deploy_validators, tests/integration."
"legal_entity_residency_change_revenue_leak_test","67288","","","spec_binding_pending_pack_m24_3","m24_3",".github/workflows/billing-runtime.yml, tests/billing, convex/deploy_validators","Runtime status is still spec_binding_pending_pack_m24_3; required artifact evidence not promoted. Checked: .github/workflows/billing-runtime.yml, tests/billing, convex/deploy_validators."
"org_custom_residency_label_required","67290","","","spec_binding_pending_pack_m11_3","m11_3",".github/workflows/deploy-validator.yml, .github/workflows/test-strategy.yml, convex/deploy_validators, tests/integration","Runtime status is still spec_binding_pending_pack_m11_3; required artifact evidence not promoted. Checked: .github/workflows/deploy-validator.yml, .github/workflows/test-strategy.yml, convex/deploy_validators, tests/integration."
"solo_trial_one_per_org_lifetime","67375","","","spec_binding_pending_pack_m02_3","m02_3","tools/spec-lint/gates/solo_trial_one_per_org_lifetime.ts","Runtime status is still spec_binding_pending_pack_m02_3; required artifact evidence not promoted. Checked: tools/spec-lint/gates/solo_trial_one_per_org_lifetime.ts."
"solo_upgrade_cta_threshold_3_events_30d_subscription_immediate_per_eval_bid","67385","","","spec_binding_pending_pack_m02_3","m02_3","tools/spec-lint/gates/solo_upgrade_cta_threshold_3_events_30d_subscription_immediate_per_eval_bid.ts","Runtime status is still spec_binding_pending_pack_m02_3; required artifact evidence not promoted. Checked: tools/spec-lint/gates/solo_upgrade_cta_threshold_3_events_30d_subscription_immediate_per_eval_bid.ts."
"member_role_permission_completeness","67449","","","spec_binding_pending_pack_m11_3","m11_3",".github/workflows/deploy-validator.yml, .github/workflows/test-strategy.yml, convex/deploy_validators, tests/integration","Runtime status is still spec_binding_pending_pack_m11_3; required artifact evidence not promoted. Checked: .github/workflows/deploy-validator.yml, .github/workflows/test-strategy.yml, convex/deploy_validators, tests/integration."
"org_admin_billing_read_consistency","67450","","","spec_binding_pending_pack_m11_3","m11_3",".github/workflows/deploy-validator.yml, .github/workflows/test-strategy.yml, convex/deploy_validators, tests/integration","Runtime status is still spec_binding_pending_pack_m11_3; required artifact evidence not promoted. Checked: .github/workflows/deploy-validator.yml, .github/workflows/test-strategy.yml, convex/deploy_validators, tests/integration."
"buyer_console_role_permission_completeness","67451","","","spec_binding_pending_pack_m11_3","m11_3",".github/workflows/deploy-validator.yml, .github/workflows/test-strategy.yml, convex/deploy_validators, tests/integration","Runtime status is still spec_binding_pending_pack_m11_3; required artifact evidence not promoted. Checked: .github/workflows/deploy-validator.yml, .github/workflows/test-strategy.yml, convex/deploy_validators, tests/integration."
"seller_console_role_permission_completeness","67452","","","spec_binding_pending_pack_m11_3","m11_3",".github/workflows/deploy-validator.yml, .github/workflows/test-strategy.yml, convex/deploy_validators, tests/integration","Runtime status is still spec_binding_pending_pack_m11_3; required artifact evidence not promoted. Checked: .github/workflows/deploy-validator.yml, .github/workflows/test-strategy.yml, convex/deploy_validators, tests/integration."
"seller_onboarding_reactivation_single_source","67472","","","spec_binding_pending_pack_m11_3","m11_3",".github/workflows/deploy-validator.yml, .github/workflows/test-strategy.yml, convex/deploy_validators, tests/integration","Runtime status is still spec_binding_pending_pack_m11_3; required artifact evidence not promoted. Checked: .github/workflows/deploy-validator.yml, .github/workflows/test-strategy.yml, convex/deploy_validators, tests/integration."
"seller_onboarding_staleness_window_single_source","67473","","","spec_binding_pending_pack_m11_3","m11_3",".github/workflows/deploy-validator.yml, .github/workflows/test-strategy.yml, convex/deploy_validators, tests/integration","Runtime status is still spec_binding_pending_pack_m11_3; required artifact evidence not promoted. Checked: .github/workflows/deploy-validator.yml, .github/workflows/test-strategy.yml, convex/deploy_validators, tests/integration."
"email_bounce_complaint_suppression_runtime","67650","","","spec_binding_pending_pack_m02_3","m02_3","tools/spec-lint/gates/email_bounce_complaint_suppression_runtime.ts","Runtime status is still spec_binding_pending_pack_m02_3; required artifact evidence not promoted. Checked: tools/spec-lint/gates/email_bounce_complaint_suppression_runtime.ts."
"contest_window_db_trigger_present","67667","","","spec_binding_pending_pack_m11_3","m11_3",".github/workflows/deploy-validator.yml, .github/workflows/test-strategy.yml, convex/deploy_validators, tests/integration","Runtime status is still spec_binding_pending_pack_m11_3; required artifact evidence not promoted. Checked: .github/workflows/deploy-validator.yml, .github/workflows/test-strategy.yml, convex/deploy_validators, tests/integration."
"free_allowance_plan_entitlement_partitioning","67668","","","spec_binding_pending_pack_m11_3","m11_3",".github/workflows/deploy-validator.yml, .github/workflows/test-strategy.yml, convex/deploy_validators, tests/integration","Runtime status is still spec_binding_pending_pack_m11_3; required artifact evidence not promoted. Checked: .github/workflows/deploy-validator.yml, .github/workflows/test-strategy.yml, convex/deploy_validators, tests/integration."
"wallet_auto_topup_period_cap_counter_completeness","67671","","","spec_binding_pending_pack_m11_3","m11_3",".github/workflows/deploy-validator.yml, .github/workflows/test-strategy.yml, convex/deploy_validators, tests/integration","Runtime status is still spec_binding_pending_pack_m11_3; required artifact evidence not promoted. Checked: .github/workflows/deploy-validator.yml, .github/workflows/test-strategy.yml, convex/deploy_validators, tests/integration."
"pulse_digest_summary_firewall","67688","","","spec_binding_pending_pack_m11_3","m11_3",".github/workflows/deploy-validator.yml, .github/workflows/test-strategy.yml, convex/deploy_validators, tests/integration","Runtime status is still spec_binding_pending_pack_m11_3; required artifact evidence not promoted. Checked: .github/workflows/deploy-validator.yml, .github/workflows/test-strategy.yml, convex/deploy_validators, tests/integration."
"inbox_mutation_idempotency_contract","67691","","","spec_binding_pending_pack_m11_3","m11_3",".github/workflows/deploy-validator.yml, .github/workflows/test-strategy.yml, convex/deploy_validators, tests/integration","Runtime status is still spec_binding_pending_pack_m11_3; required artifact evidence not promoted. Checked: .github/workflows/deploy-validator.yml, .github/workflows/test-strategy.yml, convex/deploy_validators, tests/integration."
"agent_feedback_no_model_training","67705","","","spec_binding_pending_pack_m11_3","m11_3",".github/workflows/deploy-validator.yml, .github/workflows/test-strategy.yml, convex/deploy_validators, tests/integration","Runtime status is still spec_binding_pending_pack_m11_3; required artifact evidence not promoted. Checked: .github/workflows/deploy-validator.yml, .github/workflows/test-strategy.yml, convex/deploy_validators, tests/integration."
"policy_ingestion_partial_resume_idempotency","67722","","","spec_binding_pending_pack_m11_3","m11_3",".github/workflows/deploy-validator.yml, .github/workflows/test-strategy.yml, convex/deploy_validators, tests/integration","Runtime status is still spec_binding_pending_pack_m11_3; required artifact evidence not promoted. Checked: .github/workflows/deploy-validator.yml, .github/workflows/test-strategy.yml, convex/deploy_validators, tests/integration."
"policy_ingestion_parent_child_settlement","67724","","","spec_binding_pending_pack_m11_3","m11_3",".github/workflows/deploy-validator.yml, .github/workflows/test-strategy.yml, convex/deploy_validators, tests/integration","Runtime status is still spec_binding_pending_pack_m11_3; required artifact evidence not promoted. Checked: .github/workflows/deploy-validator.yml, .github/workflows/test-strategy.yml, convex/deploy_validators, tests/integration."
"policy_ingestion_buyer_console_firewall","67726","","","spec_binding_pending_pack_m11_3","m11_3",".github/workflows/deploy-validator.yml, .github/workflows/test-strategy.yml, convex/deploy_validators, tests/integration","Runtime status is still spec_binding_pending_pack_m11_3; required artifact evidence not promoted. Checked: .github/workflows/deploy-validator.yml, .github/workflows/test-strategy.yml, convex/deploy_validators, tests/integration."
"workspace_template_idempotency_atomicity","67741","","","spec_binding_pending_pack_m11_3","m11_3",".github/workflows/deploy-validator.yml, .github/workflows/test-strategy.yml, convex/deploy_validators, tests/integration","Runtime status is still spec_binding_pending_pack_m11_3; required artifact evidence not promoted. Checked: .github/workflows/deploy-validator.yml, .github/workflows/test-strategy.yml, convex/deploy_validators, tests/integration."
"scenario_modeling_aioperation_settlement","67758","","","spec_binding_pending_pack_m11_3","m11_3",".github/workflows/deploy-validator.yml, .github/workflows/test-strategy.yml, convex/deploy_validators, tests/integration","Runtime status is still spec_binding_pending_pack_m11_3; required artifact evidence not promoted. Checked: .github/workflows/deploy-validator.yml, .github/workflows/test-strategy.yml, convex/deploy_validators, tests/integration."
"entitlement_matrix_non_ai_runtime_branching","67774","","","spec_binding_pending_pack_m11_3","m11_3",".github/workflows/deploy-validator.yml, .github/workflows/test-strategy.yml, convex/deploy_validators, tests/integration","Runtime status is still spec_binding_pending_pack_m11_3; required artifact evidence not promoted. Checked: .github/workflows/deploy-validator.yml, .github/workflows/test-strategy.yml, convex/deploy_validators, tests/integration."
"qa_suggestion_cross_console_firewall_boundary","67804","","","spec_binding_pending_pack_m11_3","m11_3",".github/workflows/deploy-validator.yml, .github/workflows/test-strategy.yml, convex/deploy_validators, tests/integration","Runtime status is still spec_binding_pending_pack_m11_3; required artifact evidence not promoted. Checked: .github/workflows/deploy-validator.yml, .github/workflows/test-strategy.yml, convex/deploy_validators, tests/integration."
"marketplace_match_score_entity_field_table_completeness","67816","","","spec_binding_pending_pack_m02_3","m02_3","tools/spec-lint/gates/marketplace_match_score_entity_field_table_completeness.ts","Runtime status is still spec_binding_pending_pack_m02_3; required artifact evidence not promoted. Checked: tools/spec-lint/gates/marketplace_match_score_entity_field_table_completeness.ts."
"marketplace_match_score_forward_reference_resolution","67817","","","spec_binding_pending_pack_m02_3","m02_3","tools/spec-lint/gates/marketplace_match_score_forward_reference_resolution.ts","Runtime status is still spec_binding_pending_pack_m02_3; required artifact evidence not promoted. Checked: tools/spec-lint/gates/marketplace_match_score_forward_reference_resolution.ts."
"marketplace_match_score_snapshot_tuple_uniqueness","67818","","","spec_binding_pending_pack_m11_3","m11_3",".github/workflows/deploy-validator.yml, .github/workflows/test-strategy.yml, convex/deploy_validators, tests/integration","Runtime status is still spec_binding_pending_pack_m11_3; required artifact evidence not promoted. Checked: .github/workflows/deploy-validator.yml, .github/workflows/test-strategy.yml, convex/deploy_validators, tests/integration."
"marketplace_proactive_offer_entity_contract_completeness","67830","","","spec_binding_pending_pack_m02_3","m02_3","tools/spec-lint/gates/marketplace_proactive_offer_entity_contract_completeness.ts","Runtime status is still spec_binding_pending_pack_m02_3; required artifact evidence not promoted. Checked: tools/spec-lint/gates/marketplace_proactive_offer_entity_contract_completeness.ts."
"marketplace_proactive_offer_offer_kind_channel_split","67831","","","spec_binding_pending_pack_m02_3","m02_3","tools/spec-lint/gates/marketplace_proactive_offer_offer_kind_channel_split.ts","Runtime status is still spec_binding_pending_pack_m02_3; required artifact evidence not promoted. Checked: tools/spec-lint/gates/marketplace_proactive_offer_offer_kind_channel_split.ts."
"marketplace_proactive_offer_pre_acceptance_redaction","67832","","","spec_binding_pending_pack_m11_3","m11_3",".github/workflows/deploy-validator.yml, .github/workflows/test-strategy.yml, convex/deploy_validators, tests/integration","Runtime status is still spec_binding_pending_pack_m11_3; required artifact evidence not promoted. Checked: .github/workflows/deploy-validator.yml, .github/workflows/test-strategy.yml, convex/deploy_validators, tests/integration."
"marketplace_proactive_offer_lifecycle_state_machine","67833","","","spec_binding_pending_pack_m11_3","m11_3",".github/workflows/deploy-validator.yml, .github/workflows/test-strategy.yml, convex/deploy_validators, tests/integration","Runtime status is still spec_binding_pending_pack_m11_3; required artifact evidence not promoted. Checked: .github/workflows/deploy-validator.yml, .github/workflows/test-strategy.yml, convex/deploy_validators, tests/integration."
"mcp_session_token_record_entity_home","67849","","","spec_binding_pending_pack_m11_3","m11_3",".github/workflows/deploy-validator.yml, .github/workflows/test-strategy.yml, convex/deploy_validators, tests/integration","Runtime status is still spec_binding_pending_pack_m11_3; required artifact evidence not promoted. Checked: .github/workflows/deploy-validator.yml, .github/workflows/test-strategy.yml, convex/deploy_validators, tests/integration."
"kb_mcp_webhook_alert_catalog_completeness","67850","","","spec_binding_pending_pack_m11_3","m11_3",".github/workflows/deploy-validator.yml, .github/workflows/test-strategy.yml, convex/deploy_validators, tests/integration","Runtime status is still spec_binding_pending_pack_m11_3; required artifact evidence not promoted. Checked: .github/workflows/deploy-validator.yml, .github/workflows/test-strategy.yml, convex/deploy_validators, tests/integration."
"seller_software_transfer_request_entity_home","67866","","","spec_binding_pending_pack_m11_3","m11_3",".github/workflows/deploy-validator.yml, .github/workflows/test-strategy.yml, convex/deploy_validators, tests/integration","Runtime status is still spec_binding_pending_pack_m11_3; required artifact evidence not promoted. Checked: .github/workflows/deploy-validator.yml, .github/workflows/test-strategy.yml, convex/deploy_validators, tests/integration."
"responsive_conformance_suite","67886","","","spec_binding_pending_pack_m21_3","m21_3",".github/workflows/marketplace-runtime.yml, convex/deploy_validators, tests/marketplace, tests/analytics","Runtime status is still spec_binding_pending_pack_m21_3; required artifact evidence not promoted. Checked: .github/workflows/marketplace-runtime.yml, convex/deploy_validators, tests/marketplace, tests/analytics."
"tap_count_probe","67887","","","spec_binding_pending_pack_m21_3","m21_3",".github/workflows/marketplace-runtime.yml, convex/deploy_validators, tests/marketplace, tests/analytics","Runtime status is still spec_binding_pending_pack_m21_3; required artifact evidence not promoted. Checked: .github/workflows/marketplace-runtime.yml, convex/deploy_validators, tests/marketplace, tests/analytics."
"feature_parity_matrix_completeness","67888","","","spec_binding_pending_pack_m02_3","m02_3","tools/spec-lint/gates/feature_parity_matrix_completeness.ts","Runtime status is still spec_binding_pending_pack_m02_3; required artifact evidence not promoted. Checked: tools/spec-lint/gates/feature_parity_matrix_completeness.ts."
"cross_console_shared_ui_preference_firewall","67894","","","spec_binding_pending_pack_m11_3","m11_3",".github/workflows/deploy-validator.yml, .github/workflows/test-strategy.yml, convex/deploy_validators, tests/integration","Runtime status is still spec_binding_pending_pack_m11_3; required artifact evidence not promoted. Checked: .github/workflows/deploy-validator.yml, .github/workflows/test-strategy.yml, convex/deploy_validators, tests/integration."
"core_web_vitals_in_app_lighthouse_ci","67907","","","spec_binding_pending_pack_m21_3","m21_3",".github/workflows/marketplace-runtime.yml, convex/deploy_validators, tests/marketplace, tests/analytics","Runtime status is still spec_binding_pending_pack_m21_3; required artifact evidence not promoted. Checked: .github/workflows/marketplace-runtime.yml, convex/deploy_validators, tests/marketplace, tests/analytics."
"api_latency_p95_regression","67908","","","spec_binding_pending_pack_m11_3","m11_3",".github/workflows/deploy-validator.yml, .github/workflows/test-strategy.yml, convex/deploy_validators, tests/integration","Runtime status is still spec_binding_pending_pack_m11_3; required artifact evidence not promoted. Checked: .github/workflows/deploy-validator.yml, .github/workflows/test-strategy.yml, convex/deploy_validators, tests/integration."
"convex_reactivity_slo_regression","67909","","","spec_binding_pending_pack_m11_3","m11_3",".github/workflows/deploy-validator.yml, .github/workflows/test-strategy.yml, convex/deploy_validators, tests/integration","Runtime status is still spec_binding_pending_pack_m11_3; required artifact evidence not promoted. Checked: .github/workflows/deploy-validator.yml, .github/workflows/test-strategy.yml, convex/deploy_validators, tests/integration."
"agent_budget_breach","67910","","","spec_binding_pending_pack_m11_3","m11_3",".github/workflows/deploy-validator.yml, .github/workflows/test-strategy.yml, convex/deploy_validators, tests/integration","Runtime status is still spec_binding_pending_pack_m11_3; required artifact evidence not promoted. Checked: .github/workflows/deploy-validator.yml, .github/workflows/test-strategy.yml, convex/deploy_validators, tests/integration."
"load_test_sla_breach","67911","","","spec_binding_pending_pack_m21_3","m21_3",".github/workflows/marketplace-runtime.yml, convex/deploy_validators, tests/marketplace, tests/analytics","Runtime status is still spec_binding_pending_pack_m21_3; required artifact evidence not promoted. Checked: .github/workflows/marketplace-runtime.yml, convex/deploy_validators, tests/marketplace, tests/analytics."
"bundle_size_budget_in_app","67912","","","spec_binding_pending_pack_m21_3","m21_3",".github/workflows/marketplace-runtime.yml, convex/deploy_validators, tests/marketplace, tests/analytics","Runtime status is still spec_binding_pending_pack_m21_3; required artifact evidence not promoted. Checked: .github/workflows/marketplace-runtime.yml, convex/deploy_validators, tests/marketplace, tests/analytics."
"solo_absorption_cap_enforced","67915","","","spec_binding_pending_pack_m11_3","m11_3",".github/workflows/deploy-validator.yml, .github/workflows/test-strategy.yml, convex/deploy_validators, tests/integration","Runtime status is still spec_binding_pending_pack_m11_3; required artifact evidence not promoted. Checked: .github/workflows/deploy-validator.yml, .github/workflows/test-strategy.yml, convex/deploy_validators, tests/integration."
"solo_absorption_cap_counter_state_contract","67917","","","spec_binding_pending_pack_m11_3","m11_3",".github/workflows/deploy-validator.yml, .github/workflows/test-strategy.yml, convex/deploy_validators, tests/integration","Runtime status is still spec_binding_pending_pack_m11_3; required artifact evidence not promoted. Checked: .github/workflows/deploy-validator.yml, .github/workflows/test-strategy.yml, convex/deploy_validators, tests/integration."
"bid_workspace_deal_size_band_firewall","67933","","","spec_binding_pending_pack_m11_3","m11_3",".github/workflows/deploy-validator.yml, .github/workflows/test-strategy.yml, convex/deploy_validators, tests/integration","Runtime status is still spec_binding_pending_pack_m11_3; required artifact evidence not promoted. Checked: .github/workflows/deploy-validator.yml, .github/workflows/test-strategy.yml, convex/deploy_validators, tests/integration."
"first_pass_high_stakes_band_only","67934","","","spec_binding_pending_pack_m11_3","m11_3",".github/workflows/deploy-validator.yml, .github/workflows/test-strategy.yml, convex/deploy_validators, tests/integration","Runtime status is still spec_binding_pending_pack_m11_3; required artifact evidence not promoted. Checked: .github/workflows/deploy-validator.yml, .github/workflows/test-strategy.yml, convex/deploy_validators, tests/integration."
"pro_trial_no_refund_after_vendor_notification","67935","","","spec_binding_pending_pack_m11_3","m11_3",".github/workflows/deploy-validator.yml, .github/workflows/test-strategy.yml, convex/deploy_validators, tests/integration","Runtime status is still spec_binding_pending_pack_m11_3; required artifact evidence not promoted. Checked: .github/workflows/deploy-validator.yml, .github/workflows/test-strategy.yml, convex/deploy_validators, tests/integration."
"wallet_autotopup_ops_override_bounds","67936","","","spec_binding_pending_pack_m11_3","m11_3",".github/workflows/deploy-validator.yml, .github/workflows/test-strategy.yml, convex/deploy_validators, tests/integration","Runtime status is still spec_binding_pending_pack_m11_3; required artifact evidence not promoted. Checked: .github/workflows/deploy-validator.yml, .github/workflows/test-strategy.yml, convex/deploy_validators, tests/integration."
"wallet_autotopup_override_api_surface_guard","67937","","","spec_binding_pending_pack_m02_3","m02_3","tools/spec-lint/gates/wallet_autotopup_override_api_surface_guard.ts","Runtime status is still spec_binding_pending_pack_m02_3; required artifact evidence not promoted. Checked: tools/spec-lint/gates/wallet_autotopup_override_api_surface_guard.ts."
"wallet_free_free_additive_pool","67938","","","spec_binding_pending_pack_m11_3","m11_3",".github/workflows/deploy-validator.yml, .github/workflows/test-strategy.yml, convex/deploy_validators, tests/integration","Runtime status is still spec_binding_pending_pack_m11_3; required artifact evidence not promoted. Checked: .github/workflows/deploy-validator.yml, .github/workflows/test-strategy.yml, convex/deploy_validators, tests/integration."
"wallet_free_paid_additive_pool_solo_exception","67939","","","spec_binding_pending_pack_m11_3","m11_3",".github/workflows/deploy-validator.yml, .github/workflows/test-strategy.yml, convex/deploy_validators, tests/integration","Runtime status is still spec_binding_pending_pack_m11_3; required artifact evidence not promoted. Checked: .github/workflows/deploy-validator.yml, .github/workflows/test-strategy.yml, convex/deploy_validators, tests/integration."
"seller_solo_onboarding_consumption_invisibility","67951","","","spec_binding_pending_pack_m11_3","m11_3",".github/workflows/deploy-validator.yml, .github/workflows/test-strategy.yml, convex/deploy_validators, tests/integration","Runtime status is still spec_binding_pending_pack_m11_3; required artifact evidence not promoted. Checked: .github/workflows/deploy-validator.yml, .github/workflows/test-strategy.yml, convex/deploy_validators, tests/integration."
"seller_solo_per_bid_charge_stage_binding","67952","","","spec_binding_pending_pack_m11_3","m11_3",".github/workflows/deploy-validator.yml, .github/workflows/test-strategy.yml, convex/deploy_validators, tests/integration","Runtime status is still spec_binding_pending_pack_m11_3; required artifact evidence not promoted. Checked: .github/workflows/deploy-validator.yml, .github/workflows/test-strategy.yml, convex/deploy_validators, tests/integration."
"seller_onboarding_dropoff_recovery_registry_complete","67953","","","spec_binding_pending_pack_m02_3","m02_3","tools/spec-lint/gates/seller_onboarding_dropoff_recovery_registry_complete.ts","Runtime status is still spec_binding_pending_pack_m02_3; required artifact evidence not promoted. Checked: tools/spec-lint/gates/seller_onboarding_dropoff_recovery_registry_complete.ts."
"seller_onboarding_activation_events_use_51_envelope","67954","","","spec_binding_pending_pack_m02_3","m02_3","tools/spec-lint/gates/seller_onboarding_activation_events_use_51_envelope.ts","Runtime status is still spec_binding_pending_pack_m02_3; required artifact evidence not promoted. Checked: tools/spec-lint/gates/seller_onboarding_activation_events_use_51_envelope.ts."
"seller_onboarding_conversion_moment_kind_canonical","67955","","","spec_binding_pending_pack_m02_3","m02_3","tools/spec-lint/gates/seller_onboarding_conversion_moment_kind_canonical.ts","Runtime status is still spec_binding_pending_pack_m02_3; required artifact evidence not promoted. Checked: tools/spec-lint/gates/seller_onboarding_conversion_moment_kind_canonical.ts."
"seller_onboarding_provider_outage_visible","67956","","","spec_binding_pending_pack_m11_3","m11_3",".github/workflows/deploy-validator.yml, .github/workflows/test-strategy.yml, convex/deploy_validators, tests/integration","Runtime status is still spec_binding_pending_pack_m11_3; required artifact evidence not promoted. Checked: .github/workflows/deploy-validator.yml, .github/workflows/test-strategy.yml, convex/deploy_validators, tests/integration."
"seller_onboarding_stage3_abandonment_allowance_not_debited","67957","","","spec_binding_pending_pack_m11_3","m11_3",".github/workflows/deploy-validator.yml, .github/workflows/test-strategy.yml, convex/deploy_validators, tests/integration","Runtime status is still spec_binding_pending_pack_m11_3; required artifact evidence not promoted. Checked: .github/workflows/deploy-validator.yml, .github/workflows/test-strategy.yml, convex/deploy_validators, tests/integration."
"audit_event_residency_partitioning_bound","67974","","","spec_binding_pending_pack_m11_3","m11_3",".github/workflows/deploy-validator.yml, .github/workflows/test-strategy.yml, convex/deploy_validators, tests/integration","Runtime status is still spec_binding_pending_pack_m11_3; required artifact evidence not promoted. Checked: .github/workflows/deploy-validator.yml, .github/workflows/test-strategy.yml, convex/deploy_validators, tests/integration."
"dsar_export_delivery_residency_bound","67975","","","spec_binding_pending_pack_m11_3","m11_3",".github/workflows/deploy-validator.yml, .github/workflows/test-strategy.yml, convex/deploy_validators, tests/integration","Runtime status is still spec_binding_pending_pack_m11_3; required artifact evidence not promoted. Checked: .github/workflows/deploy-validator.yml, .github/workflows/test-strategy.yml, convex/deploy_validators, tests/integration."
"observability_residency_routing_bound","67976","","","spec_binding_pending_pack_m11_3","m11_3",".github/workflows/deploy-validator.yml, .github/workflows/test-strategy.yml, convex/deploy_validators, tests/integration","Runtime status is still spec_binding_pending_pack_m11_3; required artifact evidence not promoted. Checked: .github/workflows/deploy-validator.yml, .github/workflows/test-strategy.yml, convex/deploy_validators, tests/integration."
"appendix_g_legacy_alias_retirement_enforced","67990","","","spec_binding_pending_pack_m02_3","m02_3","tools/spec-lint/gates/appendix_g_legacy_alias_retirement_enforced.ts","Runtime status is still spec_binding_pending_pack_m02_3; required artifact evidence not promoted. Checked: tools/spec-lint/gates/appendix_g_legacy_alias_retirement_enforced.ts."
"protected_asset_archive_state_canonical","68006","","","spec_binding_pending_pack_m02_3","m02_3","tools/spec-lint/gates/protected_asset_archive_state_canonical.ts","Runtime status is still spec_binding_pending_pack_m02_3; required artifact evidence not promoted. Checked: tools/spec-lint/gates/protected_asset_archive_state_canonical.ts."
"protected_asset_purge_guard","68007","","","spec_binding_pending_pack_m02_3","m02_3","tools/spec-lint/gates/protected_asset_purge_guard.ts","Runtime status is still spec_binding_pending_pack_m02_3; required artifact evidence not promoted. Checked: tools/spec-lint/gates/protected_asset_purge_guard.ts."
"integration_export_payload_allowlist","68034","","","spec_binding_pending_pack_m11_3","m11_3",".github/workflows/deploy-validator.yml, .github/workflows/test-strategy.yml, convex/deploy_validators, tests/integration","Runtime status is still spec_binding_pending_pack_m11_3; required artifact evidence not promoted. Checked: .github/workflows/deploy-validator.yml, .github/workflows/test-strategy.yml, convex/deploy_validators, tests/integration."
"cmek_rotation_runtime_evidence","68061","","","spec_binding_pending_pack_m11_3","m11_3",".github/workflows/deploy-validator.yml, .github/workflows/test-strategy.yml, convex/deploy_validators, tests/integration","Runtime status is still spec_binding_pending_pack_m11_3; required artifact evidence not promoted. Checked: .github/workflows/deploy-validator.yml, .github/workflows/test-strategy.yml, convex/deploy_validators, tests/integration."
"field_encryption_plaintext_egress_guard","68062","","","spec_binding_pending_pack_m11_3","m11_3",".github/workflows/deploy-validator.yml, .github/workflows/test-strategy.yml, convex/deploy_validators, tests/integration","Runtime status is still spec_binding_pending_pack_m11_3; required artifact evidence not promoted. Checked: .github/workflows/deploy-validator.yml, .github/workflows/test-strategy.yml, convex/deploy_validators, tests/integration."
"video_demo_transcript_pii_redaction","68066","","","spec_binding_pending_pack_m21_3","m21_3",".github/workflows/marketplace-runtime.yml, convex/deploy_validators, tests/marketplace, tests/analytics","Runtime status is still spec_binding_pending_pack_m21_3; required artifact evidence not promoted. Checked: .github/workflows/marketplace-runtime.yml, convex/deploy_validators, tests/marketplace, tests/analytics."
"mobile_full_parity_closure","68068","","","spec_binding_pending_pack_m21_3","m21_3",".github/workflows/marketplace-runtime.yml, convex/deploy_validators, tests/marketplace, tests/analytics","Runtime status is still spec_binding_pending_pack_m21_3; required artifact evidence not promoted. Checked: .github/workflows/marketplace-runtime.yml, convex/deploy_validators, tests/marketplace, tests/analytics."
