execution_group,gate_id,release_evidence_lane,evidence_posture,required_execution,missing_evidence
"Buyer and Solo workspaces, scoring, Defense View, and Pulse","solo_deadline_countdown_renders_in_user_timezone","m11_3","required_product_runtime_evidence_missing","Buyer Workspace Solo surface deadline-countdown render tests.",".github/workflows/deploy-validator.yml, .github/workflows/test-strategy.yml, convex/deploy_validators, tests/integration"
"Buyer and Solo workspaces, scoring, Defense View, and Pulse","solo_mode_team_to_solo_blocked_with_stakeholders","m11_3","required_product_runtime_evidence_missing","Workspace `evaluation_owner_mode` mutation handler.",".github/workflows/deploy-validator.yml, .github/workflows/test-strategy.yml, convex/deploy_validators, tests/integration"
"Buyer and Solo workspaces, scoring, Defense View, and Pulse","solo_mode_chip_ribbon_suppression_buyer","m11_3","required_product_runtime_evidence_missing","Buyer Workspace surface tests.",".github/workflows/deploy-validator.yml, .github/workflows/test-strategy.yml, convex/deploy_validators, tests/integration"
"Buyer and Solo workspaces, scoring, Defense View, and Pulse","console_bridge_no_defense_view_event_kinds","m11_3","required_product_runtime_evidence_missing","`Sourcera_Master_Spec.md` §4.7.1 Console Bridge Event `event_kind` enum (spec-side, PR-lint); Console Bridge Event apply-handler registry (runtime, deploy-validator); webhook subscription registry (runtime, deploy-validator). Sibling-scope harmonized with `console_bridge_no_dsar_event_kinds`, `console_bridge_no_group_event_kinds`, `console_bridge_no_dsar_v9_event_kinds` per D-11V-002 remediation.",".github/workflows/deploy-validator.yml, .github/workflows/test-strategy.yml, convex/deploy_validators, tests/integration"
"Buyer and Solo workspaces, scoring, Defense View, and Pulse","defense_view_regeneration_throttle_5min","m11_3","required_product_runtime_evidence_missing","Defense View regeneration handler.",".github/workflows/deploy-validator.yml, .github/workflows/test-strategy.yml, convex/deploy_validators, tests/integration"
"Buyer and Solo workspaces, scoring, Defense View, and Pulse","pipeline_surface_compression_seller_always_compressed","m11_3","required_product_runtime_evidence_missing","Seller-console rendering tests.",".github/workflows/deploy-validator.yml, .github/workflows/test-strategy.yml, convex/deploy_validators, tests/integration"
"Buyer and Solo workspaces, scoring, Defense View, and Pulse","pipeline_surface_compression_soft_gate_solo_only","m11_3","required_product_runtime_evidence_missing","Phase Advancement handler tests.",".github/workflows/deploy-validator.yml, .github/workflows/test-strategy.yml, convex/deploy_validators, tests/integration"
"Buyer and Solo workspaces, scoring, Defense View, and Pulse","workspace_pulse_health_persistence_contract","m11_3","required_product_runtime_evidence_missing","§4.3.22.2 entity writes, daily Pulse compute scheduler, Solo-mode suppression path, and threshold-event correlation.",".github/workflows/deploy-validator.yml, .github/workflows/test-strategy.yml, convex/deploy_validators, tests/integration"
"Buyer and Solo workspaces, scoring, Defense View, and Pulse","pulse_digest_summary_firewall","m11_3","required_product_runtime_evidence_missing","runtime_test",".github/workflows/deploy-validator.yml, .github/workflows/test-strategy.yml, convex/deploy_validators, tests/integration"
"Buyer and Solo workspaces, scoring, Defense View, and Pulse","inbox_mutation_idempotency_contract","m11_3","required_product_runtime_evidence_missing","runtime_test",".github/workflows/deploy-validator.yml, .github/workflows/test-strategy.yml, convex/deploy_validators, tests/integration"
"Buyer and Solo workspaces, scoring, Defense View, and Pulse","policy_ingestion_partial_resume_idempotency","m11_3","required_product_runtime_evidence_missing","runtime_test",".github/workflows/deploy-validator.yml, .github/workflows/test-strategy.yml, convex/deploy_validators, tests/integration"
"Buyer and Solo workspaces, scoring, Defense View, and Pulse","policy_ingestion_parent_child_settlement","m11_3","required_product_runtime_evidence_missing","runtime_test",".github/workflows/deploy-validator.yml, .github/workflows/test-strategy.yml, convex/deploy_validators, tests/integration"
"Buyer and Solo workspaces, scoring, Defense View, and Pulse","policy_ingestion_buyer_console_firewall","m11_3","required_product_runtime_evidence_missing","runtime_test",".github/workflows/deploy-validator.yml, .github/workflows/test-strategy.yml, convex/deploy_validators, tests/integration"
"Buyer and Solo workspaces, scoring, Defense View, and Pulse","workspace_template_idempotency_atomicity","m11_3","required_product_runtime_evidence_missing","runtime_test",".github/workflows/deploy-validator.yml, .github/workflows/test-strategy.yml, convex/deploy_validators, tests/integration"
"Buyer and Solo workspaces, scoring, Defense View, and Pulse","first_pass_high_stakes_band_only","m11_3","required_product_runtime_evidence_missing","runtime_test",".github/workflows/deploy-validator.yml, .github/workflows/test-strategy.yml, convex/deploy_validators, tests/integration"
"Buyer and Solo workspaces, scoring, Defense View, and Pulse","selection_report_v2_watermark_grandfathering","m11_3","required_product_runtime_evidence_missing","migration_test + export_test",".github/workflows/deploy-validator.yml, .github/workflows/test-strategy.yml, convex/deploy_validators, tests/integration"
"Buyer and Solo workspaces, scoring, Defense View, and Pulse","defense_view_engagement_event_runtime","m21_3","required_product_runtime_evidence_missing","browser_test + event_schema_test",".github/workflows/marketplace-runtime.yml, convex/deploy_validators, tests/marketplace, tests/analytics"
"Buyer and Solo workspaces, scoring, Defense View, and Pulse","requirement_reopening_runtime_consistency","m11_3","required_product_runtime_evidence_missing","API_test + transaction_test + materializer_test + mobile_e2e + non_leak_test",".github/workflows/deploy-validator.yml, .github/workflows/test-strategy.yml, convex/deploy_validators, tests/integration"
"Buyer and Solo workspaces, scoring, Defense View, and Pulse","vendor_disqualification_phase_aware_reversal_runtime","m11_3","required_product_runtime_evidence_missing","transaction_test + scoring_test + report_finality_test + webhook_test + mobile_e2e",".github/workflows/deploy-validator.yml, .github/workflows/test-strategy.yml, convex/deploy_validators, tests/integration"
"Seller onboarding, Maya, KB and Q&A, and bid workflows","seller_maya_solo_free_copy_string_lint","m11_3","required_product_runtime_evidence_missing","Seller surfaces under `plan_tier ∈ {seller_free, seller_solo}`.",".github/workflows/deploy-validator.yml, .github/workflows/test-strategy.yml, convex/deploy_validators, tests/integration"
"Seller onboarding, Maya, KB and Q&A, and bid workflows","seller_maya_chip_list_auto_publish_state_machine","m11_3","required_product_runtime_evidence_missing","CapabilityDeclaration write handler tests.",".github/workflows/deploy-validator.yml, .github/workflows/test-strategy.yml, convex/deploy_validators, tests/integration"
"Seller onboarding, Maya, KB and Q&A, and bid workflows","seller_maya_match_score_three_label_compression","m11_3","required_product_runtime_evidence_missing","Marketplace Match Score rendering tests.",".github/workflows/deploy-validator.yml, .github/workflows/test-strategy.yml, convex/deploy_validators, tests/integration"
"Seller onboarding, Maya, KB and Q&A, and bid workflows","bridge_payload_body_pii_sweep_buyer_seller_parity","m11_3","required_product_runtime_evidence_missing","QA test pack against §22.3.1 + §6.8.4.5 sweep paths.",".github/workflows/deploy-validator.yml, .github/workflows/test-strategy.yml, convex/deploy_validators, tests/integration"
"Seller onboarding, Maya, KB and Q&A, and bid workflows","kb_bootstrap_per_org_concurrency_lock_active","m11_3","required_product_runtime_evidence_missing","§22.4.4 KB Bootstrap concurrency-lock runtime path (Convex transaction handler) + integration tests.",".github/workflows/deploy-validator.yml, .github/workflows/test-strategy.yml, convex/deploy_validators, tests/integration"
"Seller onboarding, Maya, KB and Q&A, and bid workflows","seller_pulse_surface_engine_mapping","m11_3","required_product_runtime_evidence_missing","Appendix M.1 Seller Pulse row + §24.4.4 Solo Seller Surface Treatment.",".github/workflows/deploy-validator.yml, .github/workflows/test-strategy.yml, convex/deploy_validators, tests/integration"
"Seller onboarding, Maya, KB and Q&A, and bid workflows","kb_bootstrap_allowance_compensation_completeness","m02_3","local_guard_present_external_evidence_pending","pr_lint + convex unit + post-build","deployed Convex, endpoint, audit, and delivery evidence remains required"
"Seller onboarding, Maya, KB and Q&A, and bid workflows","dsar_erased_seller_excluded_from_recovery_cadence","m02_3","local_guard_present_external_evidence_pending","pr_lint + convex unit + suppression-list join","deployed enqueue, send-time, retry, and suppression-join evidence remains required"
"Seller onboarding, Maya, KB and Q&A, and bid workflows","qa_suggestion_family_cardinality","m11_3","required_product_runtime_evidence_missing","runtime_test + pr_lint",".github/workflows/deploy-validator.yml, .github/workflows/test-strategy.yml, convex/deploy_validators, tests/integration"
"Seller onboarding, Maya, KB and Q&A, and bid workflows","qa_suggestion_family_outcome_contract_isolation","m11_3","required_product_runtime_evidence_missing","deploy_validator",".github/workflows/deploy-validator.yml, .github/workflows/test-strategy.yml, convex/deploy_validators, tests/integration"
"Seller onboarding, Maya, KB and Q&A, and bid workflows","kb_suggestion_family_cardinality","m11_3","required_product_runtime_evidence_missing","runtime_test + pr_lint",".github/workflows/deploy-validator.yml, .github/workflows/test-strategy.yml, convex/deploy_validators, tests/integration"
"Seller onboarding, Maya, KB and Q&A, and bid workflows","kb_suggestion_family_outcome_contract_isolation","m11_3","required_product_runtime_evidence_missing","deploy_validator",".github/workflows/deploy-validator.yml, .github/workflows/test-strategy.yml, convex/deploy_validators, tests/integration"
"Seller onboarding, Maya, KB and Q&A, and bid workflows","kb_suggestion_alias_console_resolution_integrity","m11_3","required_product_runtime_evidence_missing","deploy_validator + runtime_test",".github/workflows/deploy-validator.yml, .github/workflows/test-strategy.yml, convex/deploy_validators, tests/integration"
"Seller onboarding, Maya, KB and Q&A, and bid workflows","first_pass_rfp_draft_outcome_contract_isolation","m11_3","required_product_runtime_evidence_missing","deploy_validator + runtime_test",".github/workflows/deploy-validator.yml, .github/workflows/test-strategy.yml, convex/deploy_validators, tests/integration"
"Seller onboarding, Maya, KB and Q&A, and bid workflows","seller_console_role_permission_completeness","m11_3","required_product_runtime_evidence_missing","pr_lint + deploy_validator + endpoint_fixture",".github/workflows/deploy-validator.yml, .github/workflows/test-strategy.yml, convex/deploy_validators, tests/integration"
"Seller onboarding, Maya, KB and Q&A, and bid workflows","seller_onboarding_reactivation_single_source","m11_3","required_product_runtime_evidence_missing","pr_lint + deploy_validator",".github/workflows/deploy-validator.yml, .github/workflows/test-strategy.yml, convex/deploy_validators, tests/integration"
"Seller onboarding, Maya, KB and Q&A, and bid workflows","seller_onboarding_staleness_window_single_source","m11_3","required_product_runtime_evidence_missing","pr_lint + deploy_validator",".github/workflows/deploy-validator.yml, .github/workflows/test-strategy.yml, convex/deploy_validators, tests/integration"
"Seller onboarding, Maya, KB and Q&A, and bid workflows","qa_suggestion_cross_console_firewall_boundary","m11_3","required_product_runtime_evidence_missing","runtime_test + pr_lint",".github/workflows/deploy-validator.yml, .github/workflows/test-strategy.yml, convex/deploy_validators, tests/integration"
"Seller onboarding, Maya, KB and Q&A, and bid workflows","kb_mcp_webhook_alert_catalog_completeness","m11_3","required_product_runtime_evidence_missing","pr_lint + runtime_test",".github/workflows/deploy-validator.yml, .github/workflows/test-strategy.yml, convex/deploy_validators, tests/integration"
"Seller onboarding, Maya, KB and Q&A, and bid workflows","seller_software_transfer_request_entity_home","m11_3","required_product_runtime_evidence_missing","pr_lint + runtime_test",".github/workflows/deploy-validator.yml, .github/workflows/test-strategy.yml, convex/deploy_validators, tests/integration"
"Seller onboarding, Maya, KB and Q&A, and bid workflows","bid_workspace_deal_size_band_firewall","m11_3","required_product_runtime_evidence_missing","runtime_test + pr_lint",".github/workflows/deploy-validator.yml, .github/workflows/test-strategy.yml, convex/deploy_validators, tests/integration"
"Seller onboarding, Maya, KB and Q&A, and bid workflows","seller_solo_onboarding_consumption_invisibility","m11_3","required_product_runtime_evidence_missing","runtime_test + pr_lint",".github/workflows/deploy-validator.yml, .github/workflows/test-strategy.yml, convex/deploy_validators, tests/integration"
"Seller onboarding, Maya, KB and Q&A, and bid workflows","seller_solo_per_bid_charge_stage_binding","m11_3","required_product_runtime_evidence_missing","runtime_test",".github/workflows/deploy-validator.yml, .github/workflows/test-strategy.yml, convex/deploy_validators, tests/integration"
"Seller onboarding, Maya, KB and Q&A, and bid workflows","seller_solo_per_bid_election_authorization_binding","m24_3","required_product_runtime_evidence_missing","stripe_test + runtime_test",".github/workflows/billing-runtime.yml, tests/billing, convex/deploy_validators"
"Seller onboarding, Maya, KB and Q&A, and bid workflows","seller_kb_v2_cutover_grandfathering","m11_3","required_product_runtime_evidence_missing","migration_test + entitlement_test",".github/workflows/deploy-validator.yml, .github/workflows/test-strategy.yml, convex/deploy_validators, tests/integration"
"Seller onboarding, Maya, KB and Q&A, and bid workflows","seller_onboarding_provider_outage_visible","m11_3","required_product_runtime_evidence_missing","runtime_test",".github/workflows/deploy-validator.yml, .github/workflows/test-strategy.yml, convex/deploy_validators, tests/integration"
"Seller onboarding, Maya, KB and Q&A, and bid workflows","seller_onboarding_stage3_abandonment_allowance_not_debited","m11_3","required_product_runtime_evidence_missing","runtime_test",".github/workflows/deploy-validator.yml, .github/workflows/test-strategy.yml, convex/deploy_validators, tests/integration"
"Seller onboarding, Maya, KB and Q&A, and bid workflows","capability_declaration_reuse_count_consistency","m11_3","required_product_runtime_evidence_missing","deploy_validator + runtime_test","convex/deploy_validators/capability_declaration_reuse_count_consistency.ts, tests/integration/capability_declaration_reuse_count_consistency.spec.ts"
"Seller onboarding, Maya, KB and Q&A, and bid workflows","kb_value_meter_estimated_value_guard_runtime","m11_3","required_product_runtime_evidence_missing","deploy_validator + runtime_test","convex/deploy_validators/kb_value_meter_estimated_value_guard_runtime.ts, tests/integration/kb_value_meter_estimated_value_guard_runtime.spec.ts"
"Seller onboarding, Maya, KB and Q&A, and bid workflows","kb_injection_scanner_registry_runtime_consistency","m11_3","required_product_runtime_evidence_missing","deploy_validator + runtime_test","convex/deploy_validators/kb_injection_scanner_registry_runtime_consistency.ts, tests/integration/kb_injection_scanner_registry_runtime_consistency.spec.ts"
"Seller onboarding, Maya, KB and Q&A, and bid workflows","kb_state_persisting_audit_event_coverage","m11_3","required_product_runtime_evidence_missing","deploy_validator + runtime_test","convex/deploy_validators/kb_state_persisting_audit_event_coverage.ts, tests/integration/kb_state_persisting_audit_event_coverage.spec.ts"
"Seller onboarding, Maya, KB and Q&A, and bid workflows","seller_maya_billing_detail_plan_guard","m24_3","required_product_runtime_evidence_missing","deploy_validator + api_integration_test","convex/deploy_validators/seller_maya_billing_detail_plan_guard.ts, tests/integration/seller_maya_billing_detail_plan_guard.spec.ts"
"Seller onboarding, Maya, KB and Q&A, and bid workflows","bid_response_editor_lock_runtime_consistency","m11_3","required_product_runtime_evidence_missing","deploy_validator + integration_test","convex/deploy_validators/bid_response_editor_lock_runtime_consistency.ts, tests/integration/bid_response_editor_lock_runtime_consistency.spec.ts"
"Seller onboarding, Maya, KB and Q&A, and bid workflows","bid_response_bulk_submit_runtime_consistency","m11_3","required_product_runtime_evidence_missing","deploy_validator + integration_test","convex/deploy_validators/bid_response_bulk_submit_runtime_consistency.ts, tests/integration/bid_response_bulk_submit_runtime_consistency.spec.ts"
"Seller onboarding, Maya, KB and Q&A, and bid workflows","bid_workspace_voluntary_withdrawal_runtime_consistency","m11_3","required_product_runtime_evidence_missing","deploy_validator + integration_test","convex/deploy_validators/bid_workspace_voluntary_withdrawal_runtime_consistency.ts, tests/integration/bid_workspace_voluntary_withdrawal_runtime_consistency.spec.ts"
"Seller onboarding, Maya, KB and Q&A, and bid workflows","bid_workspace_surface_state_runtime_consistency","m11_3","required_product_runtime_evidence_missing","render_test + integration_test","tests/render/bid_workspace_surface_state_runtime_consistency.spec.tsx, tests/integration/bid_workspace_surface_state_runtime_consistency.spec.ts"
"Seller onboarding, Maya, KB and Q&A, and bid workflows","seller_bid_workspace_mobile_accessibility_runtime","m21_3","required_product_runtime_evidence_missing","mobile_e2e + accessibility_test","tests/mobile/seller_bid_workspace_mobile_accessibility_runtime.spec.tsx, tests/accessibility/seller_bid_workspace_mobile_accessibility_runtime.spec.tsx"
"Seller onboarding, Maya, KB and Q&A, and bid workflows","nda_lifecycle_notification_runtime_consistency","m11_3","required_product_runtime_evidence_missing","deploy_validator + integration_test","convex/deploy_validators/nda_lifecycle_notification_runtime_consistency.ts, tests/integration/nda_lifecycle_notification_runtime_consistency.spec.ts"
"Seller onboarding, Maya, KB and Q&A, and bid workflows","seller_console_phase24_firewall_state_runtime_consistency","m11_3","required_product_runtime_evidence_missing","deploy_validator + render_test + integration_test","convex/deploy_validators/seller_console_phase24_firewall_state_runtime_consistency.ts, tests/render/seller_console_phase24_surface_states.spec.tsx, tests/integration/seller_console_phase24_firewall_state_runtime_consistency.spec.ts"
"Seller onboarding, Maya, KB and Q&A, and bid workflows","seller_console_phase24_mobile_accessibility_runtime","m21_3","required_product_runtime_evidence_missing","mobile_e2e + accessibility_test","tests/mobile/seller_console_phase24_mobile_accessibility_runtime.spec.tsx, tests/accessibility/seller_console_phase24_mobile_accessibility_runtime.spec.tsx"
"Seller onboarding, Maya, KB and Q&A, and bid workflows","seller_console_phase24_plan_authority_runtime_consistency","m24_3","required_product_runtime_evidence_missing","deploy_validator + api_integration_test","convex/deploy_validators/seller_console_phase24_plan_authority_runtime_consistency.ts, tests/integration/seller_console_phase24_plan_authority_runtime_consistency.spec.ts"
"Seller onboarding, Maya, KB and Q&A, and bid workflows","qa_attachment_cross_console_content_scan_runtime","m11_3","required_product_runtime_evidence_missing","deploy_validator + integration_test",".github/workflows/deploy-validator.yml, .github/workflows/test-strategy.yml, convex/deploy_validators, tests/integration"
"Seller onboarding, Maya, KB and Q&A, and bid workflows","seller_kb_first_entry_indexed_runtime","m11_3","required_product_runtime_evidence_missing","transaction_test + outbox_test",".github/workflows/deploy-validator.yml, .github/workflows/test-strategy.yml, convex/deploy_validators, tests/integration"
"Seller onboarding, Maya, KB and Q&A, and bid workflows","seller_stake_reveal_outcome_targets_runtime","m21_3","required_product_runtime_evidence_missing","browser_test + event_schema_test + warehouse_model_test",".github/workflows/marketplace-runtime.yml, convex/deploy_validators, tests/marketplace, tests/analytics"
"Seller onboarding, Maya, KB and Q&A, and bid workflows","seller_direct_signup_value_activation_runtime","m11_3","required_product_runtime_evidence_missing","transaction_test + integration_test + mobile_e2e",".github/workflows/deploy-validator.yml, .github/workflows/test-strategy.yml, convex/deploy_validators, tests/integration"
"Seller onboarding, Maya, KB and Q&A, and bid workflows","bid_workspace_buyer_purge_orphan_runtime","m11_3","required_product_runtime_evidence_missing","migration_test + transaction_test + seller_browser_test",".github/workflows/deploy-validator.yml, .github/workflows/test-strategy.yml, convex/deploy_validators, tests/integration"
"Seller onboarding, Maya, KB and Q&A, and bid workflows","seller_qa_phase8_readonly_runtime","m11_3","required_product_runtime_evidence_missing","transaction_test + API_test + mobile_e2e",".github/workflows/deploy-validator.yml, .github/workflows/test-strategy.yml, convex/deploy_validators, tests/integration"
"Marketplace, matching, and promoted placements","vendor_opt_out_capability_layer_enforcement","m11_3","required_product_runtime_evidence_missing","§4.8.1 capability-invocation handler tests.",".github/workflows/deploy-validator.yml, .github/workflows/test-strategy.yml, convex/deploy_validators, tests/integration"
"Marketplace, matching, and promoted placements","marketplace_match_score_snapshot_tuple_uniqueness","m11_3","required_product_runtime_evidence_missing","runtime_test",".github/workflows/deploy-validator.yml, .github/workflows/test-strategy.yml, convex/deploy_validators, tests/integration"
"Marketplace, matching, and promoted placements","marketplace_proactive_offer_pre_acceptance_redaction","m11_3","required_product_runtime_evidence_missing","runtime_test + pr_lint",".github/workflows/deploy-validator.yml, .github/workflows/test-strategy.yml, convex/deploy_validators, tests/integration"
"Marketplace, matching, and promoted placements","marketplace_proactive_offer_lifecycle_state_machine","m11_3","required_product_runtime_evidence_missing","runtime_test",".github/workflows/deploy-validator.yml, .github/workflows/test-strategy.yml, convex/deploy_validators, tests/integration"
"Marketplace, matching, and promoted placements","global_ban_reversal_marketplace_restoration_runtime","m21_3","required_product_runtime_evidence_missing","marketplace_test + accessibility_test + synthetic_monitor",".github/workflows/marketplace-runtime.yml, convex/deploy_validators, tests/marketplace, tests/analytics"
"Marketplace, matching, and promoted placements","featured_placement_funnel_runtime","m21_3","required_product_runtime_evidence_missing","marketplace_browser_test + event_schema_test",".github/workflows/marketplace-runtime.yml, convex/deploy_validators, tests/marketplace, tests/analytics"
"Billing, wallets, trials, subscriptions, and settlement","solo_charge_kind_registered","m24_3","required_product_runtime_evidence_missing","Appendix J `billing_event_charge_kind` enum.",".github/workflows/billing-runtime.yml, tests/billing, convex/deploy_validators"
"Billing, wallets, trials, subscriptions, and settlement","aiwallet_response_excludes_solo_envelope","m11_3","required_product_runtime_evidence_missing","`GET /v1/orgs/{org_id}/wallet` API response schema.",".github/workflows/deploy-validator.yml, .github/workflows/test-strategy.yml, convex/deploy_validators, tests/integration"
"Billing, wallets, trials, subscriptions, and settlement","solo_subscription_blocks_per_charge","m11_3","required_product_runtime_evidence_missing","Solo per-eval / per-bid charge handler tests.",".github/workflows/deploy-validator.yml, .github/workflows/test-strategy.yml, convex/deploy_validators, tests/integration"
"Billing, wallets, trials, subscriptions, and settlement","cost_base_recalc_notice_window_trajectory_gate","m11_3","required_product_runtime_evidence_missing","§34.18 cost-base recalc trajectory authoring; PolicyIngestion-driven recalc tests.",".github/workflows/deploy-validator.yml, .github/workflows/test-strategy.yml, convex/deploy_validators, tests/integration"
"Billing, wallets, trials, subscriptions, and settlement","wallet_read_role_gate_scope","m11_3","required_product_runtime_evidence_missing","`/v1/orgs/{org_id}/wallet` endpoint handler tests; §5.11 Feature Access Matrix wallet:read row.",".github/workflows/deploy-validator.yml, .github/workflows/test-strategy.yml, convex/deploy_validators, tests/integration"
"Billing, wallets, trials, subscriptions, and settlement","committed_spend_single_pool_invariant","m24_3","required_product_runtime_evidence_missing","`/v1/orgs/{org_id}/committed-spend/*` handler tests; §4.8.3 / §4.8.8 / §34.12.5 Committed Spend authoring.",".github/workflows/billing-runtime.yml, tests/billing, convex/deploy_validators"
"Billing, wallets, trials, subscriptions, and settlement","committed_spend_single_auto_renew_invariant","m24_3","required_product_runtime_evidence_missing","`/v1/orgs/{org_id}/committed-spend/renew` handler tests; §4.8.8 / §34.12.5 Committed Spend authoring.",".github/workflows/billing-runtime.yml, tests/billing, convex/deploy_validators"
"Billing, wallets, trials, subscriptions, and settlement","committed_spend_console_scope_consistency","m24_3","required_product_runtime_evidence_missing","Committed-spend cross-console-read handlers + property tests.",".github/workflows/billing-runtime.yml, tests/billing, convex/deploy_validators"
"Billing, wallets, trials, subscriptions, and settlement","legal_entity_residency_change_revenue_leak_test","m24_3","required_product_runtime_evidence_missing","deploy_validator + runtime_test + synthetic_monitor",".github/workflows/billing-runtime.yml, tests/billing, convex/deploy_validators"
"Billing, wallets, trials, subscriptions, and settlement","solo_trial_one_per_org_lifetime","m02_3","local_guard_present_external_evidence_pending","pr_lint + deploy_validator","deployed eligibility, transaction, and billing-suppression validator evidence remains required"
"Billing, wallets, trials, subscriptions, and settlement","solo_upgrade_cta_threshold_3_events_30d_subscription_immediate_per_eval_bid","m02_3","local_guard_present_external_evidence_pending","pr_lint + deploy_validator","deployed aggregation, idempotency, and render evidence remains required"
"Billing, wallets, trials, subscriptions, and settlement","org_admin_billing_read_consistency","m11_3","required_product_runtime_evidence_missing","pr_lint + deploy_validator + endpoint_fixture",".github/workflows/deploy-validator.yml, .github/workflows/test-strategy.yml, convex/deploy_validators, tests/integration"
"Billing, wallets, trials, subscriptions, and settlement","contest_window_db_trigger_present","m11_3","required_product_runtime_evidence_missing","deploy_validator + runtime_test",".github/workflows/deploy-validator.yml, .github/workflows/test-strategy.yml, convex/deploy_validators, tests/integration"
"Billing, wallets, trials, subscriptions, and settlement","free_allowance_plan_entitlement_partitioning","m11_3","required_product_runtime_evidence_missing","runtime_test",".github/workflows/deploy-validator.yml, .github/workflows/test-strategy.yml, convex/deploy_validators, tests/integration"
"Billing, wallets, trials, subscriptions, and settlement","wallet_auto_topup_period_cap_counter_completeness","m11_3","required_product_runtime_evidence_missing","runtime_test",".github/workflows/deploy-validator.yml, .github/workflows/test-strategy.yml, convex/deploy_validators, tests/integration"
"Billing, wallets, trials, subscriptions, and settlement","scenario_modeling_aioperation_settlement","m11_3","required_product_runtime_evidence_missing","runtime_test",".github/workflows/deploy-validator.yml, .github/workflows/test-strategy.yml, convex/deploy_validators, tests/integration"
"Billing, wallets, trials, subscriptions, and settlement","solo_absorption_cap_enforced","m11_3","required_product_runtime_evidence_missing","runtime_test + deploy_validator",".github/workflows/deploy-validator.yml, .github/workflows/test-strategy.yml, convex/deploy_validators, tests/integration"
"Billing, wallets, trials, subscriptions, and settlement","solo_absorption_cap_counter_state_contract","m11_3","required_product_runtime_evidence_missing","runtime_test",".github/workflows/deploy-validator.yml, .github/workflows/test-strategy.yml, convex/deploy_validators, tests/integration"
"Billing, wallets, trials, subscriptions, and settlement","pro_trial_no_refund_after_vendor_notification","m11_3","required_product_runtime_evidence_missing","runtime_test",".github/workflows/deploy-validator.yml, .github/workflows/test-strategy.yml, convex/deploy_validators, tests/integration"
"Billing, wallets, trials, subscriptions, and settlement","wallet_autotopup_ops_override_bounds","m11_3","required_product_runtime_evidence_missing","runtime_test + deploy_validator",".github/workflows/deploy-validator.yml, .github/workflows/test-strategy.yml, convex/deploy_validators, tests/integration"
"Billing, wallets, trials, subscriptions, and settlement","wallet_free_free_additive_pool","m11_3","required_product_runtime_evidence_missing","runtime_test + deploy_validator",".github/workflows/deploy-validator.yml, .github/workflows/test-strategy.yml, convex/deploy_validators, tests/integration"
"Billing, wallets, trials, subscriptions, and settlement","wallet_free_paid_additive_pool_solo_exception","m11_3","required_product_runtime_evidence_missing","runtime_test + deploy_validator",".github/workflows/deploy-validator.yml, .github/workflows/test-strategy.yml, convex/deploy_validators, tests/integration"
"Billing, wallets, trials, subscriptions, and settlement","pro_trial_day_31_contextual_cta_entitlement_fit","m11_3","required_product_runtime_evidence_missing","resolver_test + ui_test",".github/workflows/deploy-validator.yml, .github/workflows/test-strategy.yml, convex/deploy_validators, tests/integration"
"Billing, wallets, trials, subscriptions, and settlement","ai_response_generation_billing_consistency","m11_3","required_product_runtime_evidence_missing","deploy_validator + runtime_test","convex/deploy_validators/ai_response_generation_billing_consistency.ts, tests/integration/ai_response_generation_billing_consistency.spec.ts"
"Billing, wallets, trials, subscriptions, and settlement","billing_async_failure_state_runtime_consistency","m11_3","required_product_runtime_evidence_missing","worker_test + api_integration_test","tests/workers/billing_async_failure_state_runtime_consistency.spec.ts, tests/integration/billing_async_failure_state_runtime_consistency.spec.ts"
"Billing, wallets, trials, subscriptions, and settlement","ai_wallet_state_machine_runtime_consistency","m11_3","required_product_runtime_evidence_missing","property_test + billing_integration_test","tests/property/ai_wallet_state_machine_runtime_consistency.spec.ts, tests/integration/ai_wallet_state_machine_runtime_consistency.spec.ts"
"Billing, wallets, trials, subscriptions, and settlement","free_allowance_quota_decrease_guard","m24_3","required_product_runtime_evidence_missing","billing_runtime_test + deploy_validator",".github/workflows/billing-runtime.yml, tests/billing, convex/deploy_validators"
"Billing, wallets, trials, subscriptions, and settlement","billing_organization_suspended_webhook_runtime","m11_3","required_product_runtime_evidence_missing","deploy_validator + integration_test",".github/workflows/deploy-validator.yml, .github/workflows/test-strategy.yml, convex/deploy_validators, tests/integration"
"Billing, wallets, trials, subscriptions, and settlement","pro_trial_hero_moment_slo_precedence_runtime","m11_3","required_product_runtime_evidence_missing","entitlement_test + cohort_model_test",".github/workflows/deploy-validator.yml, .github/workflows/test-strategy.yml, convex/deploy_validators, tests/integration"
"Billing, wallets, trials, subscriptions, and settlement","wallet_auto_topup_daily_frequency_runtime","m11_3","required_product_runtime_evidence_missing","transaction_test + Stripe_contract_test",".github/workflows/deploy-validator.yml, .github/workflows/test-strategy.yml, convex/deploy_validators, tests/integration"
"Billing, wallets, trials, subscriptions, and settlement","outcome_resolver_free_allowance_settlement_runtime","m11_3","required_product_runtime_evidence_missing","settlement_test + contest_test",".github/workflows/deploy-validator.yml, .github/workflows/test-strategy.yml, convex/deploy_validators, tests/integration"
"Billing, wallets, trials, subscriptions, and settlement","solo_per_charge_dispute_disambiguation_runtime","m24_3","required_product_runtime_evidence_missing","Stripe_test + webhook_test + browser_test",".github/workflows/billing-runtime.yml, tests/billing, convex/deploy_validators"
"Billing, wallets, trials, subscriptions, and settlement","outcome_resolver_liveness_backlog_runtime","m11_3","required_product_runtime_evidence_missing","cron_test + chaos_test + browser_test",".github/workflows/deploy-validator.yml, .github/workflows/test-strategy.yml, convex/deploy_validators, tests/integration"
"Identity, permissions, entitlements, and console isolation","solo_plan_change_console_isolation","m11_3","required_product_runtime_evidence_missing","Plan-change handler tests.",".github/workflows/deploy-validator.yml, .github/workflows/test-strategy.yml, convex/deploy_validators, tests/integration"
"Identity, permissions, entitlements, and console isolation","solo_envelope_per_console_isolation","m11_3","required_product_runtime_evidence_missing","Throttling-state computation tests.",".github/workflows/deploy-validator.yml, .github/workflows/test-strategy.yml, convex/deploy_validators, tests/integration"
"Identity, permissions, entitlements, and console isolation","console_isolation_violation_no_data_path_use","m11_3","required_product_runtime_evidence_missing","Sourcera codebase static-analysis pass against every endpoint that returns `console_isolation_violation`.",".github/workflows/deploy-validator.yml, .github/workflows/test-strategy.yml, convex/deploy_validators, tests/integration"
"Identity, permissions, entitlements, and console isolation","auth_audit_event_emission_completeness","m11_3","required_product_runtime_evidence_missing","Authentication path test coverage.",".github/workflows/deploy-validator.yml, .github/workflows/test-strategy.yml, convex/deploy_validators, tests/integration"
"Identity, permissions, entitlements, and console isolation","cross_org_guest_sso_bypass_blocked","m11_3","required_product_runtime_evidence_missing","§6.5.1 email-domain-match check at §6.5 email+password authentication.",".github/workflows/deploy-validator.yml, .github/workflows/test-strategy.yml, convex/deploy_validators, tests/integration"
"Identity, permissions, entitlements, and console isolation","workos_raw_attributes_not_consumed","m02_3","required_product_runtime_evidence_missing","Future deploy/static chain: `.github/workflows/deploy-validator.yml`; `convex/deploy_validators/workos_raw_attributes_not_consumed.ts`; `tests/security/workos_raw_attributes_not_consumed.spec.ts`.","Execution context requires: Future deploy/static chain: `.github/workflows/deploy-validator.yml`; `convex/deploy_validators/workos_raw_attributes_not_consumed.ts`; `tests/security/workos_raw_attributes_not_consumed.spec.ts`."
"Identity, permissions, entitlements, and console isolation","workos_predefined_attributes_consumed","m11_3","required_product_runtime_evidence_missing","SCIM webhook handler tests.",".github/workflows/deploy-validator.yml, .github/workflows/test-strategy.yml, convex/deploy_validators, tests/integration"
"Identity, permissions, entitlements, and console isolation","workos_groups_api_membership_consistency","m11_3","required_product_runtime_evidence_missing","WorkOS Groups API webhook delivery integration tests.",".github/workflows/deploy-validator.yml, .github/workflows/test-strategy.yml, convex/deploy_validators, tests/integration"
"Identity, permissions, entitlements, and console isolation","workos_directory_group_role_assignment_precedence","m11_3","required_product_runtime_evidence_missing","Role-resolution code paths (static analysis + property test).",".github/workflows/deploy-validator.yml, .github/workflows/test-strategy.yml, convex/deploy_validators, tests/integration"
"Identity, permissions, entitlements, and console isolation","m16_same_domain_enforcement_dual_point_canonical","m02_3","local_guard_present_external_evidence_pending","pr_lint + convex unit + post-build","deployed create-time and signup-time validator evidence remains required"
"Identity, permissions, entitlements, and console isolation","entitlement_matrix_registry_binding_completeness","m11_3","required_product_runtime_evidence_missing","deploy_validator + pr_lint",".github/workflows/deploy-validator.yml, .github/workflows/test-strategy.yml, convex/deploy_validators, tests/integration"
"Identity, permissions, entitlements, and console isolation","member_role_permission_completeness","m11_3","required_product_runtime_evidence_missing","pr_lint + deploy_validator + endpoint_fixture",".github/workflows/deploy-validator.yml, .github/workflows/test-strategy.yml, convex/deploy_validators, tests/integration"
"Identity, permissions, entitlements, and console isolation","buyer_console_role_permission_completeness","m11_3","required_product_runtime_evidence_missing","pr_lint + deploy_validator + endpoint_fixture",".github/workflows/deploy-validator.yml, .github/workflows/test-strategy.yml, convex/deploy_validators, tests/integration"
"Identity, permissions, entitlements, and console isolation","entitlement_matrix_non_ai_runtime_branching","m11_3","required_product_runtime_evidence_missing","runtime_test",".github/workflows/deploy-validator.yml, .github/workflows/test-strategy.yml, convex/deploy_validators, tests/integration"
"Identity, permissions, entitlements, and console isolation","cross_console_shared_ui_preference_firewall","m11_3","required_product_runtime_evidence_missing","runtime_test",".github/workflows/deploy-validator.yml, .github/workflows/test-strategy.yml, convex/deploy_validators, tests/integration"
"Identity, permissions, entitlements, and console isolation","global_ban_reversal_core_runtime_consistency","m11_3","required_product_runtime_evidence_missing","deploy_validator + integration_test",".github/workflows/deploy-validator.yml, .github/workflows/test-strategy.yml, convex/deploy_validators, tests/integration"
"DSAR, audit, residency, retention, backup, and disaster recovery","audit_event_hash_chain_full_corpus_coverage","m21_3","required_product_runtime_evidence_missing","§42.6.1 `audit_event_hash_chain_scan` job runtime telemetry.",".github/workflows/marketplace-runtime.yml, convex/deploy_validators, tests/marketplace, tests/analytics"
"DSAR, audit, residency, retention, backup, and disaster recovery","audit_event_break_glass_integrity_scan_triggered","m21_3","required_product_runtime_evidence_missing","§50.2.4 ¶4 break-glass `session_closed` event handler.",".github/workflows/marketplace-runtime.yml, convex/deploy_validators, tests/marketplace, tests/analytics"
"DSAR, audit, residency, retention, backup, and disaster recovery","dsar_cascade_residency_partition_isolation","m02_3","required_product_runtime_evidence_missing","Future deploy/static chain: `.github/workflows/deploy-validator.yml`; `convex/deploy_validators/dsar_cascade_residency_partition_isolation.ts`; `tests/security/dsar_cascade_residency_partition_isolation.spec.ts`.","Execution context requires: Future deploy/static chain: `.github/workflows/deploy-validator.yml`; `convex/deploy_validators/dsar_cascade_residency_partition_isolation.ts`; `tests/security/dsar_cascade_residency_partition_isolation.spec.ts`."
"DSAR, audit, residency, retention, backup, and disaster recovery","dsar_manifestly_unfounded_rejection_audit_emission","m11_3","required_product_runtime_evidence_missing","DSARRequest state-transition handler tests.",".github/workflows/deploy-validator.yml, .github/workflows/test-strategy.yml, convex/deploy_validators, tests/integration"
"DSAR, audit, residency, retention, backup, and disaster recovery","dsar_cascade_aggregate_recompute_synchronous","m11_3","required_product_runtime_evidence_missing","DSAR cascade-walker code paths + cascade-transaction property tests.",".github/workflows/deploy-validator.yml, .github/workflows/test-strategy.yml, convex/deploy_validators, tests/integration"
"DSAR, audit, residency, retention, backup, and disaster recovery","dsar_cascade_aggregate_recompute_suppression_completeness","m11_3","required_product_runtime_evidence_missing","QA test pack against §4.4.18 / §4.4.12 / §4.4.15 / §4.4.16 entity recompute mutations.",".github/workflows/deploy-validator.yml, .github/workflows/test-strategy.yml, convex/deploy_validators, tests/integration"
"DSAR, audit, residency, retention, backup, and disaster recovery","dsar_cascade_aggregate_recompute_backstop_drift","m21_3","required_product_runtime_evidence_missing","Datadog metric on the §4.4.18 / §4.4.12 / §4.4.15 / §4.4.16 nightly sweep.",".github/workflows/marketplace-runtime.yml, convex/deploy_validators, tests/marketplace, tests/analytics"
"DSAR, audit, residency, retention, backup, and disaster recovery","dsar_cascade_bridge_payload_body_pii_sweep_completeness","m11_3","required_product_runtime_evidence_missing","DSAR cascade-walker code paths + cascade-transaction property tests.",".github/workflows/deploy-validator.yml, .github/workflows/test-strategy.yml, convex/deploy_validators, tests/integration"
"DSAR, audit, residency, retention, backup, and disaster recovery","dsar_cascade_bridge_redaction_hash_recompute","m11_3","required_product_runtime_evidence_missing","Bridge Event row write tests post-cascade.",".github/workflows/deploy-validator.yml, .github/workflows/test-strategy.yml, convex/deploy_validators, tests/integration"
"DSAR, audit, residency, retention, backup, and disaster recovery","dsar_cascade_partial_failure_pagerduty_sla","m11_3","required_product_runtime_evidence_missing","Datadog synthetic test against `dsar.cascade.partial_failure` event emission + PagerDuty webhook.",".github/workflows/deploy-validator.yml, .github/workflows/test-strategy.yml, convex/deploy_validators, tests/integration"
"DSAR, audit, residency, retention, backup, and disaster recovery","dsar_cascade_partial_failure_resume_sla_24h","m11_3","required_product_runtime_evidence_missing","DSAR cascade `pause_started_at` → `dsar.cascade.resume` SLA telemetry.",".github/workflows/deploy-validator.yml, .github/workflows/test-strategy.yml, convex/deploy_validators, tests/integration"
"DSAR, audit, residency, retention, backup, and disaster recovery","dsar_cascade_statutory_ceiling_auto_escalation","m11_3","required_product_runtime_evidence_missing","DSAR cascade cumulative-pause computation tests.",".github/workflows/deploy-validator.yml, .github/workflows/test-strategy.yml, convex/deploy_validators, tests/integration"
"DSAR, audit, residency, retention, backup, and disaster recovery","dsar_cascade_pseudonym_epoch_consistency","m11_3","required_product_runtime_evidence_missing","DSARRequest schema + User schema + Pattern B re-pseudonymization workflow tests.",".github/workflows/deploy-validator.yml, .github/workflows/test-strategy.yml, convex/deploy_validators, tests/integration"
"DSAR, audit, residency, retention, backup, and disaster recovery","dr_failover_residency_bound","m21_3","required_product_runtime_evidence_missing","Convex deployment topology static analysis at deploy time.",".github/workflows/marketplace-runtime.yml, convex/deploy_validators, tests/marketplace, tests/analytics"
"DSAR, audit, residency, retention, backup, and disaster recovery","dns_failover_target_residency_match","m21_3","required_product_runtime_evidence_missing","Datadog synthetic chaos test (quarterly).",".github/workflows/marketplace-runtime.yml, convex/deploy_validators, tests/marketplace, tests/analytics"
"DSAR, audit, residency, retention, backup, and disaster recovery","dr_failover_no_cross_residency","m21_3","required_product_runtime_evidence_missing","QA chaos test against concurrent same-residency primary + replica outage.",".github/workflows/marketplace-runtime.yml, convex/deploy_validators, tests/marketplace, tests/analytics"
"DSAR, audit, residency, retention, backup, and disaster recovery","dr_restore_test_residency_partition","m21_3","required_product_runtime_evidence_missing","Quarterly DR restore-test runtime telemetry.",".github/workflows/marketplace-runtime.yml, convex/deploy_validators, tests/marketplace, tests/analytics"
"DSAR, audit, residency, retention, backup, and disaster recovery","dr_game_day_overdue","m21_3","required_product_runtime_evidence_missing","Quarterly DR game-day cadence Datadog alarm.",".github/workflows/marketplace-runtime.yml, convex/deploy_validators, tests/marketplace, tests/analytics"
"DSAR, audit, residency, retention, backup, and disaster recovery","backup_residency_partition_isolation","m21_3","required_product_runtime_evidence_missing","Convex backup-topology static analysis at deploy time.",".github/workflows/marketplace-runtime.yml, convex/deploy_validators, tests/marketplace, tests/analytics"
"DSAR, audit, residency, retention, backup, and disaster recovery","s3_replication_policy_residency_bound","m21_3","required_product_runtime_evidence_missing","Terraform IaC static analysis at apply time.",".github/workflows/marketplace-runtime.yml, convex/deploy_validators, tests/marketplace, tests/analytics"
"DSAR, audit, residency, retention, backup, and disaster recovery","s3_cross_region_replica_dpa_approval_required","m21_3","required_product_runtime_evidence_missing","Terraform IaC apply hook + AuditEvent emission check.",".github/workflows/marketplace-runtime.yml, convex/deploy_validators, tests/marketplace, tests/analytics"
"DSAR, audit, residency, retention, backup, and disaster recovery","backup_dsar_repseudonymization_completeness","m21_3","required_product_runtime_evidence_missing","DSAR fulfillment QA test pack.",".github/workflows/marketplace-runtime.yml, convex/deploy_validators, tests/marketplace, tests/analytics"
"DSAR, audit, residency, retention, backup, and disaster recovery","dsar_excluded_snapshot_restore_blocked","m21_3","required_product_runtime_evidence_missing","Backup-restore handler tests.",".github/workflows/marketplace-runtime.yml, convex/deploy_validators, tests/marketplace, tests/analytics"
"DSAR, audit, residency, retention, backup, and disaster recovery","snapshot_catalog_residency_partition","m21_3","required_product_runtime_evidence_missing","Snapshot catalog read-path static analysis + integration tests.",".github/workflows/marketplace-runtime.yml, convex/deploy_validators, tests/marketplace, tests/analytics"
"DSAR, audit, residency, retention, backup, and disaster recovery","attachment_dsar_72h_binary_detach_sla","m11_3","required_product_runtime_evidence_missing","Datadog synthetic test against the Convex Storage delete API on a Pattern-A DSAR-attached binary.",".github/workflows/deploy-validator.yml, .github/workflows/test-strategy.yml, convex/deploy_validators, tests/integration"
"DSAR, audit, residency, retention, backup, and disaster recovery","m3_signed_payload_anonymity_binding","m11_3","required_product_runtime_evidence_missing","migration + convex transaction + signer + API/public-render integration",".github/workflows/deploy-validator.yml, .github/workflows/test-strategy.yml, convex/deploy_validators, tests/integration"
"DSAR, audit, residency, retention, backup, and disaster recovery","dsar_erased_buyer_excluded_from_recovery_cadence","m21_3","required_product_runtime_evidence_missing","convex unit",".github/workflows/marketplace-runtime.yml, convex/deploy_validators, tests/marketplace, tests/analytics"
"DSAR, audit, residency, retention, backup, and disaster recovery","network_effects_residency_partition_canonical_consumer","m21_3","required_product_runtime_evidence_missing","terraform IaC + post-build",".github/workflows/marketplace-runtime.yml, convex/deploy_validators, tests/marketplace, tests/analytics"
"DSAR, audit, residency, retention, backup, and disaster recovery","org_custom_residency_label_required","m11_3","required_product_runtime_evidence_missing","runtime_test",".github/workflows/deploy-validator.yml, .github/workflows/test-strategy.yml, convex/deploy_validators, tests/integration"
"DSAR, audit, residency, retention, backup, and disaster recovery","agent_feedback_no_model_training","m11_3","required_product_runtime_evidence_missing","deploy_validator + runtime_test",".github/workflows/deploy-validator.yml, .github/workflows/test-strategy.yml, convex/deploy_validators, tests/integration"
"DSAR, audit, residency, retention, backup, and disaster recovery","audit_event_residency_partitioning_bound","m11_3","required_product_runtime_evidence_missing","runtime_test + pr_lint",".github/workflows/deploy-validator.yml, .github/workflows/test-strategy.yml, convex/deploy_validators, tests/integration"
"DSAR, audit, residency, retention, backup, and disaster recovery","dsar_export_delivery_residency_bound","m11_3","required_product_runtime_evidence_missing","runtime_test + pr_lint",".github/workflows/deploy-validator.yml, .github/workflows/test-strategy.yml, convex/deploy_validators, tests/integration"
"DSAR, audit, residency, retention, backup, and disaster recovery","observability_residency_routing_bound","m11_3","required_product_runtime_evidence_missing","runtime_test + deploy_validator",".github/workflows/deploy-validator.yml, .github/workflows/test-strategy.yml, convex/deploy_validators, tests/integration"
"DSAR, audit, residency, retention, backup, and disaster recovery","cmek_rotation_runtime_evidence","m11_3","required_product_runtime_evidence_missing","runtime_test + release_stamp",".github/workflows/deploy-validator.yml, .github/workflows/test-strategy.yml, convex/deploy_validators, tests/integration"
"DSAR, audit, residency, retention, backup, and disaster recovery","field_encryption_plaintext_egress_guard","m11_3","required_product_runtime_evidence_missing","runtime_test + deploy_validator",".github/workflows/deploy-validator.yml, .github/workflows/test-strategy.yml, convex/deploy_validators, tests/integration"
"DSAR, audit, residency, retention, backup, and disaster recovery","video_demo_transcript_pii_redaction","m21_3","required_product_runtime_evidence_missing","runtime_test + deploy_validator",".github/workflows/marketplace-runtime.yml, convex/deploy_validators, tests/marketplace, tests/analytics"
"DSAR, audit, residency, retention, backup, and disaster recovery","dsar_cascade_audit_completeness","m11_3","required_product_runtime_evidence_missing","runtime_test",".github/workflows/deploy-validator.yml, .github/workflows/test-strategy.yml, convex/deploy_validators, tests/integration"
"DSAR, audit, residency, retention, backup, and disaster recovery","audit_integrity_exemption_redaction_path_correctness","m02_3","local_guard_present_external_evidence_pending","pr_lint + deploy_validator","deployed retained-row mapping validator evidence remains required"
"DSAR, audit, residency, retention, backup, and disaster recovery","dsar_30d_sla_observability","m11_3","required_product_runtime_evidence_missing","runtime_test",".github/workflows/deploy-validator.yml, .github/workflows/test-strategy.yml, convex/deploy_validators, tests/integration"
"DSAR, audit, residency, retention, backup, and disaster recovery","dsar_sla_window_breached","m21_3","required_product_runtime_evidence_missing","synthetic_monitor",".github/workflows/marketplace-runtime.yml, convex/deploy_validators, tests/marketplace, tests/analytics"
"DSAR, audit, residency, retention, backup, and disaster recovery","ops_read_audit_event_runtime_consistency","m11_3","required_product_runtime_evidence_missing","deploy_validator + integration_test",".github/workflows/deploy-validator.yml, .github/workflows/test-strategy.yml, convex/deploy_validators, tests/integration"
"DSAR, audit, residency, retention, backup, and disaster recovery","retention_table_residency_default_runtime","m11_3","required_product_runtime_evidence_missing","storage_test + migration_test + firewall_test",".github/workflows/deploy-validator.yml, .github/workflows/test-strategy.yml, convex/deploy_validators, tests/integration"
"DSAR, audit, residency, retention, backup, and disaster recovery","dsar_pseudonym_epoch_content_scrub_runtime","m11_3","required_product_runtime_evidence_missing","migration_test + forensic_query_test",".github/workflows/deploy-validator.yml, .github/workflows/test-strategy.yml, convex/deploy_validators, tests/integration"
"DSAR, audit, residency, retention, backup, and disaster recovery","dsar_manifestly_unfounded_appeal_runtime","m11_3","required_product_runtime_evidence_missing","state_machine_test + notification_test + mobile_e2e",".github/workflows/deploy-validator.yml, .github/workflows/test-strategy.yml, convex/deploy_validators, tests/integration"
"DSAR, audit, residency, retention, backup, and disaster recovery","audit_events_export_ready_delivery_runtime","m11_3","required_product_runtime_evidence_missing","worker_test + outbox_test + serializer_test + retry_test + non_leak_test",".github/workflows/deploy-validator.yml, .github/workflows/test-strategy.yml, convex/deploy_validators, tests/integration"
"APIs, webhooks, MCP, and Console Bridge","webhook_payload_no_selection_record_body","m11_3","required_product_runtime_evidence_missing","Webhook delivery serializers for `defense_view.generated` / `defense_view.regenerated`.",".github/workflows/deploy-validator.yml, .github/workflows/test-strategy.yml, convex/deploy_validators, tests/integration"
"APIs, webhooks, MCP, and Console Bridge","mcp_session_token_record_entity_home","m11_3","required_product_runtime_evidence_missing","pr_lint + runtime_test",".github/workflows/deploy-validator.yml, .github/workflows/test-strategy.yml, convex/deploy_validators, tests/integration"
"APIs, webhooks, MCP, and Console Bridge","api_latency_p95_regression","m11_3","required_product_runtime_evidence_missing","runtime_test + deploy_validator",".github/workflows/deploy-validator.yml, .github/workflows/test-strategy.yml, convex/deploy_validators, tests/integration"
"APIs, webhooks, MCP, and Console Bridge","integration_export_payload_allowlist","m11_3","required_product_runtime_evidence_missing","runtime_test + pr_lint",".github/workflows/deploy-validator.yml, .github/workflows/test-strategy.yml, convex/deploy_validators, tests/integration"
"APIs, webhooks, MCP, and Console Bridge","api_multistatus_schema_registration","m02_3","required_product_runtime_evidence_missing","openapi_validator + schema_test","tools/openapi/validators/api_multistatus_schema_registration.ts, tests/openapi/api_multistatus_schema_registration.spec.ts"
"APIs, webhooks, MCP, and Console Bridge","api_standard_retry_after_runtime_consistency","m11_3","required_product_runtime_evidence_missing","middleware_test + api_integration_test","tests/middleware/api_standard_retry_after_runtime_consistency.spec.ts, tests/integration/api_standard_retry_after_runtime_consistency.spec.ts"
"APIs, webhooks, MCP, and Console Bridge","api_rate_limit_plan_quota_runtime_consistency","m24_3","required_product_runtime_evidence_missing","deploy_validator + api_integration_test","convex/deploy_validators/api_rate_limit_plan_quota_runtime_consistency.ts, tests/integration/api_rate_limit_plan_quota_runtime_consistency.spec.ts"
"APIs, webhooks, MCP, and Console Bridge","webhook_dlq_runtime_consistency","m11_3","required_product_runtime_evidence_missing","schema_test + worker_test + api_integration_test","convex/schema/webhook_delivery_failures.ts, tests/workers/webhook_dlq_runtime_consistency.spec.ts, tests/integration/webhook_failure_api_runtime_consistency.spec.ts"
"APIs, webhooks, MCP, and Console Bridge","webhook_endpoint_pool_runtime_consistency","m24_3","required_product_runtime_evidence_missing","deploy_validator + entitlement_integration_test","convex/deploy_validators/webhook_endpoint_pool_runtime_consistency.ts, tests/integration/webhook_endpoint_pool_runtime_consistency.spec.ts"
"APIs, webhooks, MCP, and Console Bridge","webhook_dlq_observability_runtime_consistency","m21_3","required_product_runtime_evidence_missing","telemetry_test + synthetic_monitor","tests/observability/webhook_dlq_observability_runtime_consistency.spec.ts, synthetics/webhook_dlq_notification_dispatch_latency.ts"
"APIs, webhooks, MCP, and Console Bridge","console_bridge_failure_storm_runtime","m11_3","required_product_runtime_evidence_missing","detector_test + notification_test + ops_browser_test",".github/workflows/deploy-validator.yml, .github/workflows/test-strategy.yml, convex/deploy_validators, tests/integration"
"APIs, webhooks, MCP, and Console Bridge","ghost_ingestion_mcp_allowlist_runtime","m11_3","required_product_runtime_evidence_missing","MCP_policy_test + quota_test + audit_test",".github/workflows/deploy-validator.yml, .github/workflows/test-strategy.yml, convex/deploy_validators, tests/integration"
"Mobile, accessibility, localization, and performance","accessibility_settings_preference_contract","m11_3","required_product_runtime_evidence_missing","Settings -> Accessibility UI, §4.2.14 UserAccessibilityPreference handlers, DSAR export.",".github/workflows/deploy-validator.yml, .github/workflows/test-strategy.yml, convex/deploy_validators, tests/integration"
"Mobile, accessibility, localization, and performance","rtl_directionality_runtime_contract","m11_3","required_product_runtime_evidence_missing","`useDirectionality()` hook and `responsive_conformance_suite` RTL passes.",".github/workflows/deploy-validator.yml, .github/workflows/test-strategy.yml, convex/deploy_validators, tests/integration"
"Mobile, accessibility, localization, and performance","locale_resolution_engine_contract","m11_3","required_product_runtime_evidence_missing","Locale Resolution Engine, `next-intl` formatting, public and authenticated route shells.",".github/workflows/deploy-validator.yml, .github/workflows/test-strategy.yml, convex/deploy_validators, tests/integration"
"Mobile, accessibility, localization, and performance","responsive_conformance_suite","m21_3","required_product_runtime_evidence_missing","ui_e2e + visual_regression",".github/workflows/marketplace-runtime.yml, convex/deploy_validators, tests/marketplace, tests/analytics"
"Mobile, accessibility, localization, and performance","tap_count_probe","m21_3","required_product_runtime_evidence_missing","ui_e2e + nightly_full_sweep",".github/workflows/marketplace-runtime.yml, convex/deploy_validators, tests/marketplace, tests/analytics"
"Mobile, accessibility, localization, and performance","core_web_vitals_in_app_lighthouse_ci","m21_3","required_product_runtime_evidence_missing","lighthouse_ci + synthetic_monitor",".github/workflows/marketplace-runtime.yml, convex/deploy_validators, tests/marketplace, tests/analytics"
"Mobile, accessibility, localization, and performance","convex_reactivity_slo_regression","m11_3","required_product_runtime_evidence_missing","runtime_test",".github/workflows/deploy-validator.yml, .github/workflows/test-strategy.yml, convex/deploy_validators, tests/integration"
"Mobile, accessibility, localization, and performance","load_test_sla_breach","m21_3","required_product_runtime_evidence_missing","monthly_load + quarterly_spike + endurance",".github/workflows/marketplace-runtime.yml, convex/deploy_validators, tests/marketplace, tests/analytics"
"Mobile, accessibility, localization, and performance","bundle_size_budget_in_app","m21_3","required_product_runtime_evidence_missing","build_check + pr_lint",".github/workflows/marketplace-runtime.yml, convex/deploy_validators, tests/marketplace, tests/analytics"
"Mobile, accessibility, localization, and performance","mobile_full_parity_closure","m21_3","required_product_runtime_evidence_missing","runtime_test + release_stamp",".github/workflows/marketplace-runtime.yml, convex/deploy_validators, tests/marketplace, tests/analytics"
"Mobile, accessibility, localization, and performance","ops_console_accessibility_compliance","m21_3","required_product_runtime_evidence_missing","browser_test + manual_audit",".github/workflows/marketplace-runtime.yml, convex/deploy_validators, tests/marketplace, tests/analytics"
"Analytics, growth, PostHog, email, and monitoring","solo_telemetry_no_customer_routing","m11_3","required_product_runtime_evidence_missing","Webhook delivery + in-app inbox + email dispatch + PostHog payload routing.",".github/workflows/deploy-validator.yml, .github/workflows/test-strategy.yml, convex/deploy_validators, tests/integration"
"Analytics, growth, PostHog, email, and monitoring","solo_telemetry_property_schema_completeness","m11_3","required_product_runtime_evidence_missing","Webhook serializer, PostHog mirror, and delivery-routing contract tests.",".github/workflows/deploy-validator.yml, .github/workflows/test-strategy.yml, convex/deploy_validators, tests/integration"
"Analytics, growth, PostHog, email, and monitoring","firecrawl_outage_progress_line_substitution","m02_3","local_guard_present_external_evidence_pending","pr_lint + next.js render-path test + Datadog synthetic","deployed render-path and Datadog evidence remains required"
"Analytics, growth, PostHog, email, and monitoring","buyer_activation_metric_canonical_consumer","m21_3","required_product_runtime_evidence_missing","post-build",".github/workflows/marketplace-runtime.yml, convex/deploy_validators, tests/marketplace, tests/analytics"
"Analytics, growth, PostHog, email, and monitoring","usage_dashboard_plan_gating_canonical_6_tier_consumer","m21_3","required_product_runtime_evidence_missing","post-build",".github/workflows/marketplace-runtime.yml, convex/deploy_validators, tests/marketplace, tests/analytics"
"Analytics, growth, PostHog, email, and monitoring","solo_tier_buyer_hero_moment_slo_single_source","m21_3","required_product_runtime_evidence_missing","post-build",".github/workflows/marketplace-runtime.yml, convex/deploy_validators, tests/marketplace, tests/analytics"
"Analytics, growth, PostHog, email, and monitoring","network_effects_dashboard_outage_render_contract","m02_3","local_guard_present_external_evidence_pending","pr_lint + next.js render-path test","deployed four-path render evidence remains required"
"Analytics, growth, PostHog, email, and monitoring","network_effect_attribution_window_canonical_consumer","m21_3","required_product_runtime_evidence_missing","Snowflake/dbt + PostHog query + dashboard/export parity",".github/workflows/marketplace-runtime.yml, convex/deploy_validators, tests/marketplace, tests/analytics"
"Analytics, growth, PostHog, email, and monitoring","negative_network_effects_monitoring_contract","m21_3","required_product_runtime_evidence_missing","Snowflake/dbt + dashboard + Datadog/PagerDuty + audit integration",".github/workflows/marketplace-runtime.yml, convex/deploy_validators, tests/marketplace, tests/analytics"
"Analytics, growth, PostHog, email, and monitoring","email_bounce_complaint_suppression_runtime","m02_3","local_guard_present_external_evidence_pending","pr_lint + runtime_test","deployed provider-webhook and pre-dispatch suppression evidence remains required"
"Analytics, growth, PostHog, email, and monitoring","agent_budget_breach","m11_3","required_product_runtime_evidence_missing","runtime_test + eval_harness",".github/workflows/deploy-validator.yml, .github/workflows/test-strategy.yml, convex/deploy_validators, tests/integration"
"Analytics, growth, PostHog, email, and monitoring","appendix_g_legacy_alias_retirement_enforced","m02_3","local_guard_present_external_evidence_pending","pr_lint + runtime_test","the composite row remains pending for runtime emitter and dashboard-query evidence"
"Analytics, growth, PostHog, email, and monitoring","firecrawl_status_line_variant_materialization","m11_3","required_product_runtime_evidence_missing","deploy_validator + render_test","convex/deploy_validators/firecrawl_status_line_variant_materialization.ts, tests/render/firecrawl_status_line_variant_materialization.spec.tsx"
"Analytics, growth, PostHog, email, and monitoring","buyer_evaluation_funnel_derivation_consistency","m02_3","local_guard_present_external_evidence_pending","warehouse_model_test + pr_lint","the composite row remains pending for warehouse-model evidence"
"Analytics, growth, PostHog, email, and monitoring","posthog_event_contract_runtime_consistency","m21_3","required_product_runtime_evidence_missing","event_schema_test + dashboard_privacy_test",".github/workflows/marketplace-runtime.yml, convex/deploy_validators, tests/marketplace, tests/analytics"
"Analytics, growth, PostHog, email, and monitoring","growth_loop_l1_delivery_reputation_runtime","m11_3","required_product_runtime_evidence_missing","outbox_test + provider_contract_test + attribution_test",".github/workflows/deploy-validator.yml, .github/workflows/test-strategy.yml, convex/deploy_validators, tests/integration"
"Cross-cutting release controls","solo_dual_console_independent_invoicing","m11_3","required_product_runtime_evidence_missing","Stripe billing-cycle integration test.",".github/workflows/deploy-validator.yml, .github/workflows/test-strategy.yml, convex/deploy_validators, tests/integration"
"Cross-cutting release controls","solo_engine_metering_parity","m11_3","required_product_runtime_evidence_missing","AIOperation write-handler and pre-provider suppression-decision tests.",".github/workflows/deploy-validator.yml, .github/workflows/test-strategy.yml, convex/deploy_validators, tests/integration"
"Cross-cutting release controls","solo_throttling_class_change_takes_effect_at_next_envelope_rollover","m11_3","required_product_runtime_evidence_missing","CapabilityRegistryEntry mutation handler tests.",".github/workflows/deploy-validator.yml, .github/workflows/test-strategy.yml, convex/deploy_validators, tests/integration"
"Cross-cutting release controls","solo_envelope_throttling_targets_low_priority_background_only","m11_3","required_product_runtime_evidence_missing","Throttling-engagement tests.",".github/workflows/deploy-validator.yml, .github/workflows/test-strategy.yml, convex/deploy_validators, tests/integration"
"Cross-cutting release controls","appendix_m_coverage_on_diff","m02_3","partial_local_chain_external_evidence_pending","`Sourcera_Master_Spec.md` post-edit Markdown parse tree relative to merge-base snapshot. Detector at `tools/spec-lint/appendix_m_coverage_on_diff.ts` plus parser / cross-validator / filter / poster / audit-normalization chain.","tools/spec-lint/appendix_m_coverage_on_diff.ts, tools/spec-lint/override_parser.ts, tools/spec-lint/cross_validation.ts, tools/spec-lint/cosmetic_edit_filter.ts, tools/spec-lint/comment_poster.ts, tools/spec-lint/audit_emit.ts, .github/workflows/spec-lint.yml, convex/crons/appendix_m_gate_nightly_digest.ts, convex/audit/spec_lint_audit_event.ts, tools/release/runtime_evidence/appendix_m_coverage_on_diff.json"
"Cross-cutting release controls","bid_disqualification_cascade_active","m11_3","required_product_runtime_evidence_missing","§48.8.10 Cross-Console Bridge bid-disqualification cascade handler + property tests.",".github/workflows/deploy-validator.yml, .github/workflows/test-strategy.yml, convex/deploy_validators, tests/integration"
"Cross-cutting release controls","outcome_contract_signal_subject_enum_bound","m02_3","local_guard_present_external_evidence_pending","pr_lint + deploy_validator","the composite row remains pending for the deployed OutcomeContract publisher validator"
"Cross-cutting release controls","ops_session_notification_partial_success_runtime","m11_3","required_product_runtime_evidence_missing","integration_test + provider_contract_test",".github/workflows/deploy-validator.yml, .github/workflows/test-strategy.yml, convex/deploy_validators, tests/integration"
"Cross-cutting release controls","ops_session_numerical_caps_single_source","m02_3","local_guard_present_external_evidence_pending","pr_lint + deploy_validator","the composite row remains pending for `convex/deploy_validators/ops_session_request_history_caps.ts`"
"Buyer and Solo workspaces, scoring, Defense View, and Pulse","buyer_pulse_interactive_render_runtime","m21_3","required_product_runtime_evidence_missing","load_test + browser_test + accessibility_test",".github/workflows/marketplace-runtime.yml, convex/deploy_validators, tests/marketplace, tests/analytics"
